{"type":"Image","props":{"y":-2,"x":-2,"width":403,"skin":"main_scene/img_wasteland.png","presetID":1,"pivotY":100,"pivotX":200,"mouseEnabled":true,"isPresetRoot":true,"height":203,"anchorY":0.5,"anchorX":0.5},"compId":105,"child":[{"type":"Poly","props":{"y":65,"x":130,"renderType":"hit","presetID":2,"points":"-131,39,69,-66,269,32,66,136","name":"touchLayer","lineWidth":1,"lineColor":"#ff0000","fillColor":"#00ffff"},"compId":253},{"type":"Image","props":{"y":50,"x":134,"skin":"main_scene/img_shadow.png","presetID":4,"name":"shadow"},"compId":255},{"type":"Image","props":{"y":164,"x":193,"skin":"plant_icon/1001_growing.png","presetID":3,"name":"icon","anchorY":1,"anchorX":0.5},"compId":254,"child":[{"type":"Poly","props":{"y":110,"x":-12.5,"renderType":"hit","presetID":11,"points":"-13,29,171,-137,368,42,162,134","lineWidth":1,"lineColor":"#ff0000","fillColor":"#00ffff"},"compId":279}]},{"type":"Script","props":{"unlockIcon":"main_scene/img_extend.png","presetID":5,"fieldEmptyRes":"main_scene/img_land.png","runtime":"components/FieldComponent.ts"},"compId":258},{"type":"Image","props":{"y":-107,"x":151,"skin":"main_scene/img_speedUp.png","presetID":6,"name":"topStateIcon","mouseEnabled":true},"compId":262},{"type":"Image","props":{"y":73,"x":269.75,"skin":"main_scene/img_level1.png","presetID":7,"name":"lvNode"},"compId":263},{"type":"Image","props":{"y":51,"x":206,"skin":"main_scene/img_timerBg.png","presetID":8,"name":"timeBox","anchorX":0.5},"compId":264,"child":[{"type":"Label","props":{"text":"00:00:00","presetID":9,"name":"countDownLb","fontSize":20,"font":"Arial","color":"#ffffff","centerY":0,"centerX":0},"compId":265}]},{"type":"Animation","props":{"y":-72,"x":193,"width":357,"source":"scenes/ani/landUp.ani","presetID":10,"name":"upAni","height":100,"autoPlay":false},"compId":269},{"type":"Image","props":{"y":-36,"x":201.5,"skin":"game/img_10min.png","presetID":12,"name":"reduceTime","anchorX":0.5},"compId":280}],"loadList":["main_scene/img_wasteland.png","main_scene/img_shadow.png","plant_icon/1001_growing.png","main_scene/img_extend.png","main_scene/img_land.png","main_scene/img_speedUp.png","main_scene/img_level1.png","main_scene/img_timerBg.png","scenes/ani/landUp.ani","game/img_10min.png"],"loadList3D":[]}