{"type":"Box","props":{"y":0,"x":0,"presetID":1,"isPresetRoot":true},"compId":2,"child":[{"type":"Image","props":{"y":-31,"x":-18,"skin":"game/img_bankdiamond.png","presetID":2,"name":"icon"},"compId":3},{"type":"FontClip","props":{"y":-28,"x":56,"value":"x199","spaceX":-10,"skin":"main_scene/fontClip_coinBtnNumber.png","sheet":"0123456789x","scaleY":1.5,"scaleX":1.5,"presetID":3,"name":"count"},"compId":4}],"loadList":["game/img_bankdiamond.png","main_scene/fontClip_coinBtnNumber.png"],"loadList3D":[]}