{"type":"View","props":{"width":1080,"top":0,"right":0,"left":0,"height":1920,"bottom":0},"compId":2,"child":[{"type":"Image","props":{"top":0,"skin":"game/img_inviteBg2.png","right":0,"left":0,"bottom":0,"sizeGrid":"41,36,41,28"},"compId":6},{"type":"Image","props":{"top":0,"skin":"game/img_aboutTitleBg.png","right":0,"left":0,"sizeGrid":"0,2,0,2"},"compId":11,"child":[{"type":"Label","props":{"y":85,"x":478,"text":"关于","fontSize":60,"font":"Microsoft YaHei","color":"#5A3F2A","bold":true},"compId":10},{"type":"Image","props":{"y":111,"x":72,"skin":"game/img_backBtn.png","name":"close","anchorY":0.5,"anchorX":0.5},"compId":7,"child":[{"type":"Circle","props":{"y":38,"x":24,"renderType":"hit","radius":50,"lineWidth":1,"fillColor":"#ff0000"},"compId":8},{"type":"Script","props":{"runtime":"view/AboutView.ts"},"compId":9}]}]},{"type":"Image","props":{"y":287,"x":430,"skin":"game/img_logo.png"},"compId":12,"child":[{"type":"Label","props":{"y":262,"x":110,"text":"版本号：V0.0.1","name":"version","fontSize":40,"font":"Microsoft YaHei","color":"#906344","anchorX":0.5},"compId":13},{"type":"Label","props":{"y":309,"x":110,"text":"渠道号：V0.0.1阿三发射点发","name":"channal","height":40,"fontSize":40,"font":"Microsoft YaHei","color":"#906344","anchorX":0.5},"compId":25}]},{"type":"Label","props":{"y":670,"x":149,"text":"介绍内容：","fontSize":40,"font":"Microsoft YaHei","color":"#906344","bold":true,"anchorX":0.5},"compId":14},{"type":"Label","props":{"y":749,"x":51,"wordWrap":true,"width":986,"text":"身处喧嚣嘈杂的城市生活这么久,你是否需要一块净土,只有你和三五好友?《开心农场红包版》一款经典的模拟经营类小游戏。老游戏新玩法,成为新一代的农场主。扩张升级你的土地,让农作物更好的生长;收养萌宠为你看家。出售你的作物,获得更多财富。而你还可以去好友家里转转,为好友收菜。全新的好友系统,让你和你的小伙伴们一起快乐的成长。来感受只属于你自己的田园牧歌吧。","leading":20,"height":120,"fontSize":40,"font":"Microsoft YaHei","color":"#906344","anchorX":0},"compId":15},{"type":"Box","props":{"x":261,"width":864,"rotation":0,"height":121,"bottom":93},"compId":21,"child":[{"type":"Label","props":{"y":20,"x":140,"text":"《用户协议》","name":"user_agreement","fontSize":40,"font":"Microsoft YaHei","color":"#d13310","anchorY":0.5,"anchorX":0.5},"compId":17,"child":[{"type":"Script","props":{"isScale":true,"runtime":"components/Button.ts"},"compId":22}]},{"type":"Label","props":{"y":20,"x":420,"text":"《隐私政策》","name":"privacy","fontSize":40,"font":"Microsoft YaHei","color":"#d13310","anchorY":0.5,"anchorX":0.5},"compId":18,"child":[{"type":"Script","props":{"isScale":true,"runtime":"components/Button.ts"},"compId":23}]},{"type":"Label","props":{"y":20,"x":280,"text":"和","fontSize":40,"font":"Microsoft YaHei","color":"#906344","anchorY":0.5,"anchorX":0.5},"compId":19},{"type":"Label","props":{"y":81,"x":288,"wordWrap":true,"width":576,"text":"深圳市爱互动信息技术有限公司@All Rights Reserved.","leading":20,"height":40,"fontSize":40,"font":"Microsoft YaHei","color":"#906344","anchorY":0.5,"anchorX":0.5,"align":"center"},"compId":20}]},{"type":"Script","props":{"version":"@node:13","channel":"@node:25","runtime":"view/AboutView.ts"},"compId":24}],"loadList":["game/img_inviteBg2.png","game/img_aboutTitleBg.png","game/img_backBtn.png","game/img_logo.png"],"loadList3D":[]}