{"type":"View","props":{"width":1080,"top":0,"right":0,"mouseEnabled":true,"left":0,"height":1920,"bottom":0},"compId":2,"child":[{"type":"Image","props":{"y":10,"x":10,"top":0,"skin":"game/img_shield.png","right":0,"name":"bg","left":0,"bottom":0,"alpha":0.75,"sizeGrid":"2,2,2,2"},"compId":7},{"type":"Image","props":{"skin":"res/img_popUpBgMain.png","name":"center","mouseEnabled":true,"centerY":50,"centerX":0,"anchorY":0.5,"anchorX":0.5},"compId":8,"child":[{"type":"Image","props":{"y":110,"x":131,"skin":"main_scene/img_greenLand.png"},"compId":9},{"type":"Image","props":{"y":652,"x":654,"skin":"main_scene/img_videoBtn.png","name":"ad_btn","anchorY":0.5,"anchorX":0.5},"compId":10,"child":[{"type":"Script","props":{"isScale":true,"runtime":"components/Button.ts"},"compId":11}]},{"type":"Label","props":{"y":543,"x":458,"text":"扩建土地种植更多蔬菜","fontSize":48,"font":"Microsoft YaHei","color":"#906344","bold":true,"anchorY":0.5,"anchorX":0.5},"compId":12},{"type":"Image","props":{"y":-115.5,"x":164.5,"skin":"res/img_woodtitle.png"},"compId":13},{"type":"Image","props":{"y":-41,"x":297,"skin":"game/img_expand.png"},"compId":24},{"type":"Image","props":{"y":22,"x":870,"skin":"game/img_x.png","name":"closeAddLandLayer","anchorY":0.5,"anchorX":0.5},"compId":14,"child":[{"type":"Script","props":{"isScale":true,"runtime":"components/Button.ts"},"compId":15},{"type":"Circle","props":{"y":41.5,"x":41,"renderType":"hit","radius":77,"lineWidth":1,"fillColor":"#ff0000"},"compId":16}]},{"type":"Image","props":{"y":651,"x":268,"skin":"game/img_buybtm.png","name":"cost_gold","anchorY":0.5,"anchorX":0.5},"compId":17,"child":[{"type":"HBox","props":{"y":46,"x":160,"space":4,"anchorY":0.5,"anchorX":0.5,"align":"middle"},"compId":18,"child":[{"type":"Image","props":{"x":0,"skin":"game/img_coins.png"},"compId":19},{"type":"FontClip","props":{"value":"1000","skin":"game/fontClip_price.png","sheet":"0123456789"},"compId":20}]},{"type":"Script","props":{"isScale":true,"runtime":"components/Button.ts"},"compId":21}]}]},{"type":"Script","props":{"content":"@node:8","bg":"@node:7","aniType":"scaleShow","runtime":"components/ViewShowAni.ts"},"compId":22},{"type":"Script","props":{"costIcon":"@node:19","costFont":"@node:20","adBtn":"@node:10","runtime":"view/AddLandView.ts"},"compId":23}],"loadList":["game/img_shield.png","res/img_popUpBgMain.png","main_scene/img_greenLand.png","main_scene/img_videoBtn.png","res/img_woodtitle.png","game/img_expand.png","game/img_x.png","game/img_buybtm.png","game/img_coins.png","game/fontClip_price.png"],"loadList3D":[]}