{"type":"View","props":{"width":1080,"top":0,"right":0,"mouseEnabled":true,"left":0,"height":1920,"bottom":0},"compId":2,"child":[{"type":"Image","props":{"y":20,"x":20,"top":0,"skin":"game/img_shield.png","right":0,"name":"bg","left":0,"bottom":0,"alpha":0.75,"sizeGrid":"2,2,2,2"},"compId":4},{"type":"Image","props":{"y":1030,"x":560,"skin":"res/img_popUpBgMain.png","mouseEnabled":true,"centerY":50,"centerX":0,"anchorY":0.5,"anchorX":0.5},"compId":5,"child":[{"type":"Image","props":{"y":153,"x":366,"width":232,"skin":"game/img_energylogo.png","height":314,"alpha":0.3},"compId":6},{"type":"Image","props":{"y":652,"x":654,"skin":"game/img_recoverAll.png","name":"buyAdBtn","anchorY":0.5,"anchorX":0.5},"compId":7,"child":[{"type":"Script","props":{"isScale":true,"runtime":"components/Button.ts"},"compId":8}]},{"type":"Image","props":{"y":-115.5,"x":164.5,"skin":"res/img_woodtitle.png"},"compId":10},{"type":"Image","props":{"y":-41,"x":297,"skin":"game/img_energyRecoveryTitle.png"},"compId":11},{"type":"Image","props":{"y":22,"x":870,"skin":"game/img_x.png","name":"closeAddLandLayer","mouseEnabled":true,"anchorY":0.5,"anchorX":0.5},"compId":12,"child":[{"type":"Script","props":{"isScale":true,"runtime":"components/Button.ts"},"compId":13},{"type":"Circle","props":{"y":41.5,"x":41,"renderType":"hit","radius":77,"lineWidth":1,"fillColor":"#ff0000"},"compId":14}]},{"type":"Image","props":{"y":651,"x":268,"skin":"game/img_recoveryOnePoint.png","name":"buyBtn","anchorY":0.5,"anchorX":0.5},"compId":15,"child":[{"type":"Script","props":{"isScale":true,"runtime":"components/Button.ts"},"compId":19}]},{"type":"HBox","props":{"y":542,"x":455,"space":20,"anchorX":0.5,"align":"middle"},"compId":24,"child":[{"type":"Label","props":{"y":-173,"x":0,"text":"价格：100","name":"price","fontSize":40,"font":"Microsoft YaHei","color":"#906344","bold":true,"anchorY":0.5},"compId":26},{"type":"Image","props":{"y":27,"x":0,"width":55,"skin":"main_scene/img_coin.png","height":55,"anchorY":0.5},"compId":25}]},{"type":"Label","props":{"y":313,"x":189,"text":"体力不足，恢复体力后可偷菜。","name":"price","fontSize":40,"font":"Microsoft YaHei","color":"#906344","bold":true,"anchorY":0.5},"compId":33}]},{"type":"Script","props":{"enabled":true,"content":"@node:5","bg":"@node:4","aniType":"scaleShow","runtime":"components/ViewShowAni.ts"},"compId":20},{"type":"Script","props":{"priceLabel":"@node:26","priceIcon":"@node:25","buyBtn":"@node:15","adBtn":"@node:7","runtime":"view/BuyVitalityView.ts"},"compId":32}],"loadList":["game/img_shield.png","res/img_popUpBgMain.png","game/img_energylogo.png","game/img_recoverAll.png","res/img_woodtitle.png","game/img_energyRecoveryTitle.png","game/img_x.png","game/img_recoveryOnePoint.png","main_scene/img_coin.png"],"loadList3D":[]}