{"type":"View","props":{"width":1080,"top":0,"right":0,"mouseEnabled":true,"left":0,"height":1920,"bottom":0},"compId":2,"child":[{"type":"Image","props":{"y":20,"x":20,"top":0,"skin":"game/img_shield.png","right":0,"name":"bg","left":0,"bottom":0,"alpha":0.75,"sizeGrid":"2,2,2,2"},"compId":4},{"type":"Image","props":{"y":1030,"x":560,"skin":"res/img_popUpBgMain.png","name":"center","mouseEnabled":true,"centerY":50,"centerX":0,"anchorY":0.5,"anchorX":0.5},"compId":5,"child":[{"type":"Image","props":{"y":90,"x":228.5,"skin":"game/img_landUpdage2.png"},"compId":6},{"type":"Image","props":{"y":652,"x":654,"visible":false,"skin":"game/img_transformFree.png","name":"upgradeAdBtn","anchorY":0.5,"anchorX":0.5},"compId":7,"child":[{"type":"Script","props":{"isScale":true,"runtime":"components/Button.ts"},"compId":8}]},{"type":"Image","props":{"y":-115.5,"x":164.5,"skin":"res/img_woodtitle.png"},"compId":10},{"type":"Image","props":{"y":-41,"x":297,"skin":"game/img_landUpdate.png"},"compId":11},{"type":"Image","props":{"y":22,"x":870,"skin":"game/img_x.png","name":"closeAddLandLayer","mouseEnabled":true,"anchorY":0.5,"anchorX":0.5},"compId":12,"child":[{"type":"Script","props":{"isScale":true,"runtime":"components/Button.ts"},"compId":13},{"type":"Circle","props":{"y":41.5,"x":41,"renderType":"hit","radius":77,"lineWidth":1,"fillColor":"#ff0000"},"compId":14}]},{"type":"Image","props":{"y":651,"x":476,"skin":"game/img_transform.png","name":"upgradeBtn","anchorY":0.5,"anchorX":0.5},"compId":15,"child":[{"type":"Script","props":{"isScale":true,"runtime":"components/Button.ts"},"compId":19}]},{"type":"HBox","props":{"y":541,"x":299,"width":269.00390625,"space":20,"rotation":0,"height":55,"align":"middle"},"compId":24,"child":[{"type":"Label","props":{"y":-173,"x":0,"text":"价格：100","name":"price","fontSize":40,"font":"Microsoft YaHei","color":"#906344","bold":true,"anchorY":0.5},"compId":26},{"type":"Image","props":{"y":27,"x":0,"width":55,"skin":"main_scene/img_diamondMin.png","height":55,"anchorY":0.5},"compId":25}]},{"type":"HBox","props":{"y":342,"x":296},"compId":34,"child":[{"type":"Label","props":{"visible":true,"text":"土地提升到","name":"title","leading":16,"fontSize":36,"font":"SimHei","color":"#906344","align":"left"},"compId":32},{"type":"Label","props":{"visible":true,"text":"1级","name":"lv","leading":16,"fontSize":36,"font":"SimHei","color":"#D1330E","bold":true,"align":"left"},"compId":33}]},{"type":"HBox","props":{"y":402,"x":296},"compId":35,"child":[{"type":"Label","props":{"visible":true,"text":"收益","name":"title","leading":16,"fontSize":36,"font":"SimHei","color":"#906344","align":"left"},"compId":36},{"type":"Label","props":{"visible":true,"text":"1级","name":"reward","leading":16,"fontSize":36,"font":"SimHei","color":"#D1330E","bold":true,"align":"left"},"compId":37}]},{"type":"HBox","props":{"y":462,"x":296,"width":235.40625,"rotation":0,"height":52},"compId":38,"child":[{"type":"Label","props":{"visible":true,"text":"钻石产出概率","name":"title","leading":16,"fontSize":36,"font":"SimHei","color":"#906344","align":"left"},"compId":39},{"type":"Label","props":{"visible":true,"text":"1级","name":"probability","leading":16,"fontSize":36,"font":"SimHei","color":"#D1330E","bold":true,"align":"left"},"compId":40}]}]},{"type":"Script","props":{"enabled":true,"content":"@node:5","bg":"@node:4","aniType":"scaleShow","runtime":"components/ViewShowAni.ts"},"compId":20},{"type":"Script","props":{"reward":"@node:37","probability":"@node:40","priceLabel":"@node:26","priceIcon":"@node:25","lv":"@node:33","desc":"@node:32","adBtn":"@node:7","runtime":"view/FieldLevelUpView.ts"},"compId":31}],"loadList":["game/img_shield.png","res/img_popUpBgMain.png","game/img_landUpdage2.png","game/img_transformFree.png","res/img_woodtitle.png","game/img_landUpdate.png","game/img_x.png","game/img_transform.png","main_scene/img_diamondMin.png"],"loadList3D":[]}