{"type":"View","props":{"width":1080,"top":0,"right":0,"left":0,"height":1920,"bottom":0,"autoDestroyAtClosed":true},"compId":2,"child":[{"type":"Image","props":{"y":0,"x":0,"top":0,"skin":"game/img_inviteBg2.png","right":0,"left":0,"bottom":0,"sizeGrid":"41,36,41,28"},"compId":5},{"type":"Panel","props":{"top":0,"right":0,"left":0,"bottom":0},"compId":89,"child":[{"type":"Image","props":{"y":0,"x":0,"skin":"res/img_inviteBg1.png"},"compId":3,"child":[{"type":"Image","props":{"y":828,"x":511,"skin":"game/img_ongKeyInvite.png","name":"invite_btn","mouseEnabled":true,"anchorY":0.5,"anchorX":0.5},"compId":31,"child":[{"type":"Script","props":{"isScale":true,"runtime":"components/Button.ts"},"compId":32}]}]},{"type":"Label","props":{"y":988,"x":39,"text":"好友说明：","fontSize":50,"font":"Microsoft YaHei","color":"#5A3F2A","bold":true},"compId":33},{"type":"Box","props":{"y":1054,"x":39,"width":1003,"renderType":"render","mouseEnabled":true,"height":206},"compId":45,"child":[{"type":"Image","props":{"y":0,"x":0,"skin":"game/img_listBg.png","name":"bg","alpha":1,"sizeGrid":"0,133,0,138"},"compId":46},{"type":"Image","props":{"y":35,"x":32,"width":126,"skin":"game/img_defaultPortrait.png","name":"head","height":126},"compId":47},{"type":"Image","props":{"y":149,"x":55,"skin":"game/img_levelBg.png"},"compId":48},{"type":"Image","props":{"y":55,"x":504.5,"skin":"game/img_heart.png","name":"heart_box"},"compId":49,"child":[{"type":"Label","props":{"y":21,"x":46,"text":"100","name":"val","fontSize":46,"font":"Arial","color":"#ffffff","bold":true,"anchorX":0.5},"compId":50}]},{"type":"Image","props":{"y":103,"x":827,"skin":"game/img_hangout.png","name":"go_play_btn","anchorY":0.5,"anchorX":0.5},"compId":51},{"type":"Label","props":{"y":153,"x":104,"text":"LV2","name":"lv","fontSize":20,"font":"Arial","color":"#ffffff","bold":true,"anchorX":0.5},"compId":57},{"type":"Label","props":{"y":52,"x":182,"text":"艾丽娅","name":"name","fontSize":46,"font":"Microsoft YaHei","color":"#755037","bold":true},"compId":58},{"type":"HBox","props":{"y":137,"x":178,"space":20,"name":"reward_box","anchorY":0.5,"align":"none"},"compId":59,"child":[{"type":"Image","props":{"skin":"game/img_bankdiamond.png","name":"icon"},"compId":60},{"type":"Label","props":{"y":8,"x":76,"text":"6","name":"value","fontSize":44,"font":"Arial","color":"#5A3F2A","bold":true},"compId":61}]},{"type":"Image","props":{"y":102,"x":270,"skin":"game/img_one.png"},"compId":91},{"type":"Image","props":{"y":35,"x":577.5,"skin":"game/img_two.png"},"compId":92},{"type":"Image","props":{"y":24,"x":297,"skin":"game/img_three.png"},"compId":93}]},{"type":"Box","props":{"y":1724,"x":39,"width":1003,"rotation":0,"renderType":"render","mouseEnabled":true,"height":206},"compId":69,"child":[{"type":"Image","props":{"y":0,"x":0,"skin":"game/img_listBg.png","name":"bg","alpha":1,"sizeGrid":"0,133,0,138"},"compId":70},{"type":"Image","props":{"y":35,"x":32,"width":126,"skin":"game/img_defaultPortrait.png","name":"head","height":126},"compId":71},{"type":"Image","props":{"y":149,"x":55,"skin":"game/img_levelBg.png"},"compId":72},{"type":"Label","props":{"y":153,"x":104,"text":"LV2","name":"lv","fontSize":20,"font":"Arial","color":"#ffffff","bold":true,"anchorX":0.5},"compId":76},{"type":"Label","props":{"y":52,"x":182,"text":"艾丽娅","name":"name","fontSize":46,"font":"Microsoft YaHei","color":"#755037","bold":true},"compId":77},{"type":"HBox","props":{"y":137,"x":178,"space":20,"name":"reward_box","anchorY":0.5,"align":"none"},"compId":78,"child":[{"type":"Image","props":{"skin":"game/img_bankdiamond.png","name":"icon"},"compId":79},{"type":"Label","props":{"y":8,"x":76,"text":"6","name":"value","fontSize":44,"font":"Arial","color":"#5A3F2A","bold":true},"compId":80}]},{"type":"Box","props":{"y":62,"x":497,"width":464,"name":"new_box","height":123},"compId":81,"child":[{"type":"Image","props":{"y":41,"x":330.5,"skin":"game/img_agree.png","name":"past_btn","anchorY":0.5,"anchorX":0.5},"compId":82,"child":[{"type":"Script","props":{"isScale":true,"runtime":"components/Button.ts"},"compId":83}]},{"type":"Label","props":{"y":21,"x":-0.5,"text":"新朋友","name":"new_friend","fontSize":38,"font":"Microsoft YaHei","color":"#755037","bold":true},"compId":84}]},{"type":"Image","props":{"y":91,"x":269,"skin":"game/img_one.png"},"compId":94}]},{"type":"Label","props":{"y":1297,"x":41,"wordWrap":true,"width":1007,"text":"【①】好友给你带来的收益，都是可以直接提现的。\\n【②友好度】去玩家偷菜会降低友好度。友好度越高，偷得越多；友好度太底，不仅偷得少，还可能被好友的看门犬抓到，得不偿失。你可以通过喂好友家的狗狗来提升好感度。\\n【③有效好友】这是你邀请的好友哟，他们看视频就会给你带来额外的现金收益呢。","overflow":"scroll","name":"desc","leading":20,"height":354,"fontSize":38,"font":"Microsoft YaHei","color":"#916443","bold":false},"compId":66},{"type":"Label","props":{"y":1666,"x":39,"text":"好友申请列表：","fontSize":50,"font":"Microsoft YaHei","color":"#5A3F2A","bold":true},"compId":67},{"type":"Label","props":{"y":1972,"x":41,"wordWrap":true,"width":1007,"text":"【①】预计好友可以给你带来的收益。","overflow":"scroll","name":"desc","leading":20,"height":114,"fontSize":38,"font":"Microsoft YaHei","color":"#916443","bold":false},"compId":68}]},{"type":"Image","props":{"y":104,"x":991,"top":62,"skin":"game/img_x.png","right":48,"name":"close","mouseEnabled":true,"anchorY":0.5,"anchorX":0.5},"compId":39,"child":[{"type":"Script","props":{"isScale":true,"runtime":"components/Button.ts"},"compId":40},{"type":"Circle","props":{"y":41.5,"x":41,"renderType":"hit","radius":72,"lineWidth":1,"fillColor":"#ff0000"},"compId":41}]},{"type":"Script","props":{"panelNode":"@node:89","runtime":"view/FriendsDescView.ts"},"compId":90}],"loadList":["game/img_inviteBg2.png","res/img_inviteBg1.png","game/img_ongKeyInvite.png","game/img_listBg.png","game/img_defaultPortrait.png","game/img_levelBg.png","game/img_heart.png","game/img_hangout.png","game/img_bankdiamond.png","game/img_one.png","game/img_two.png","game/img_three.png","game/img_agree.png","game/img_x.png"],"loadList3D":[]}