{"type":"View","props":{"width":1080,"top":0,"right":0,"left":0,"height":1920,"bottom":0},"compId":2,"child":[{"type":"Image","props":{"y":30,"x":30,"top":0,"skin":"game/img_shield.png","right":0,"name":"bg","left":0,"bottom":0,"alpha":0.75,"sizeGrid":"2,2,2,2"},"compId":3},{"type":"Image","props":{"skin":"res/img_popUpBgMain.png","mouseEnabled":true,"centerY":-350,"centerX":0,"anchorY":0.5,"anchorX":0.5},"compId":4,"child":[{"type":"Image","props":{"y":-115.5,"x":164.5,"skin":"res/img_woodtitle.png"},"compId":8},{"type":"Image","props":{"y":-38,"x":462,"skin":"main_scene/img_prompting.png","name":"title_icon","anchorX":0.5},"compId":9},{"type":"Image","props":{"y":642,"x":274,"width":320,"skin":"game/img_getDirect.png","rotation":0,"name":"receive","height":92,"anchorY":0.5,"anchorX":0.5},"compId":25,"child":[{"type":"Script","props":{"isScale":true,"runtime":"components/Button.ts"},"compId":26}]},{"type":"Image","props":{"y":642,"x":652,"skin":"game/img_doubleGet.png","name":"receive_double","anchorY":0.5,"anchorX":0.5},"compId":61,"child":[{"type":"Script","props":{"isScale":true,"runtime":"components/Button.ts"},"compId":62}]},{"type":"Panel","props":{"y":103,"x":82,"width":822,"name":"steal_get","height":464},"compId":29,"child":[{"type":"Label","props":{"y":21,"x":382,"text":"恭喜！","name":"title","fontSize":48,"color":"#916443","bold":true,"anchorX":0.5},"compId":30},{"type":"Label","props":{"y":197,"x":28,"wordWrap":true,"width":720,"text":"带走了：","name":"top_lb","fontSize":48,"color":"#916443","anchorY":1},"compId":33},{"type":"Label","props":{"y":301,"x":28,"text":"额外获得：","name":"bottom_lb","fontSize":48,"color":"#916443"},"compId":27,"child":[{"type":"Box","props":{"y":-6,"x":240,"width":143.6953125,"rotation":0,"presetID":1,"name":"diamond","height":102,"isPresetRoot":true},"compId":80,"child":[{"type":"Image","props":{"presetID":2,"y":34,"x":36,"skin":"game/img_getAubergine.png","name":"icon","anchorY":0.5,"anchorX":0.5},"compId":44},{"type":"Label","props":{"presetID":3,"y":10,"x":93,"text":"x1","name":"lb","fontSize":48,"font":"Arial","color":"#5A3F2A"},"compId":35}]}]}]},{"type":"Panel","props":{"y":103,"x":82,"width":748,"name":"order","height":464},"compId":53,"child":[{"type":"Label","props":{"y":21,"x":382,"text":"恭喜！","name":"title","fontSize":48,"color":"#916443","bold":true,"anchorX":0.5},"compId":54},{"type":"HBox","props":{"y":140,"x":370,"width":550,"rotation":0,"name":"desc","height":60,"anchorX":0.5},"compId":57,"child":[{"type":"Label","props":{"y":0,"x":0,"visible":true,"text":"你已经完成","name":"lb1","leading":16,"fontSize":44,"font":"SimHei","color":"#916443"},"compId":58},{"type":"Label","props":{"y":0,"visible":true,"text":"3","name":"lb2","leading":16,"fontSize":44,"font":"SimHei","color":"#D1330E"},"compId":59},{"type":"Label","props":{"y":0,"visible":true,"text":"级订单，获得：","name":"lb3","leading":16,"fontSize":44,"font":"SimHei","color":"#916443"},"compId":60}]},{"type":"HBox","props":{"y":284,"x":297,"width":244,"space":20,"rotation":0,"name":"price_box","height":55.5,"anchorX":0.5},"compId":70,"child":[{"type":"Box","props":{"presetID":1,"y":0,"x":0,"name":"MailItem","isPresetRoot":true},"compId":71,"child":[{"type":"Image","props":{"presetID":2,"y":34,"x":36,"skin":"game/img_getAubergine.png","name":"icon","anchorY":0.5,"anchorX":0.5},"compId":76},{"type":"Label","props":{"presetID":3,"y":10,"x":93,"text":"x1","name":"lb","fontSize":48,"font":"Arial","color":"#5A3F2A"},"compId":77}]},{"type":"Box","props":{"presetID":1,"y":0,"x":0,"name":"MailItem","isPresetRoot":true},"compId":72,"child":[{"type":"Image","props":{"presetID":2,"y":34,"x":36,"skin":"game/img_getAubergine.png","name":"icon","anchorY":0.5,"anchorX":0.5},"compId":73},{"type":"Label","props":{"presetID":3,"y":10,"x":93,"text":"x1","name":"lb","fontSize":48,"font":"Arial","color":"#5A3F2A"},"compId":74}]}]}]},{"type":"Image","props":{"y":44,"x":886,"skin":"game/img_x.png","name":"close","mouseEnabled":true,"anchorY":0.5,"anchorX":0.5},"compId":46,"child":[{"type":"Script","props":{"isScale":true,"runtime":"components/Button.ts"},"compId":47},{"type":"Circle","props":{"y":41.5,"x":41,"renderType":"hit","radius":77,"lineWidth":1,"fillColor":"#ff0000"},"compId":48}]}]},{"type":"Script","props":{"content":"@node:4","bg":"@node:3","aniType":"scaleShow","runtime":"components/ViewShowAni.ts"},"compId":23},{"type":"Script","props":{"stealGet":"@node:29","order":"@node:53","item":"@Prefab:scenes/prefab/MailItem.prefab","closeBtn":"@node:46","adBtn":"@node:61","runtime":"view/GatherDescView.ts"},"compId":63}],"loadList":["game/img_shield.png","res/img_popUpBgMain.png","res/img_woodtitle.png","main_scene/img_prompting.png","game/img_getDirect.png","game/img_doubleGet.png","scenes/prefab/MailItem.prefab","game/img_x.png","scenes/prefab/MailItem.prefab"],"loadList3D":[]}