{"type":"View","props":{"width":1080,"top":0,"right":0,"left":0,"height":1920,"bottom":0},"compId":2,"child":[{"type":"Image","props":{"y":30,"x":30,"top":0,"skin":"load/img_shield.png","right":0,"name":"bg","left":0,"bottom":0,"alpha":0.75},"compId":3},{"type":"Image","props":{"y":1040,"x":570,"skin":"res/img_popUpBgMain.png","name":"center","mouseEnabled":true,"centerY":50,"centerX":0,"anchorY":0.5,"anchorX":0.5},"compId":4,"child":[{"type":"Image","props":{"y":-115.5,"x":164.5,"skin":"res/img_woodtitle.png"},"compId":8},{"type":"Label","props":{"y":186,"x":62.5,"wordWrap":true,"width":791,"valign":"middle","text":"center","name":"text","leading":30,"height":318,"fontSize":50,"font":"Microsoft YaHei","color":"#5A3F2A","bold":true,"align":"center"},"compId":24},{"type":"Image","props":{"y":643.5,"x":252,"width":320,"skin":"load/img_OKBtn.png","name":"confirm","height":92,"anchorY":0.5,"anchorX":0.5},"compId":13,"child":[{"type":"Script","props":{"isScale":true,"runtime":"components/Button.ts"},"compId":14}]},{"type":"Image","props":{"y":-37,"x":379,"skin":"load/img_prompting.png"},"compId":9},{"type":"Image","props":{"y":597,"x":509,"skin":"load/img_cancelBtn.png","name":"cancel"},"compId":25,"child":[{"type":"Script","props":{"isScale":true,"runtime":"components/Button.ts"},"compId":26}]}]},{"type":"Script","props":{"text":"@node:24","confirmBtn":"@node:13","cancelBtn":"@node:25","runtime":"view/HintView.ts"},"compId":22},{"type":"Script","props":{"content":"@node:4","bg":"@node:3","aniType":"scaleShow","runtime":"components/ViewShowAni.ts"},"compId":23}],"loadList":["load/img_shield.png","res/img_popUpBgMain.png","res/img_woodtitle.png","load/img_OKBtn.png","load/img_prompting.png","load/img_cancelBtn.png"],"loadList3D":[]}