{"type":"View","props":{"width":1080,"top":0,"right":0,"left":0,"height":1920,"bottom":0},"compId":2,"child":[{"type":"Image","props":{"top":0,"skin":"res/loadingBg.png","bottom":0,"sizeGrid":"914,0,984,0"},"compId":3},{"type":"Image","props":{"skin":"res/img_farmlandLogo.png","centerY":-400,"centerX":0},"compId":5,"child":[{"type":"Image","props":{"y":414,"x":717,"skin":"res/img_hongbaoban.png"},"compId":18},{"type":"Image","props":{"y":506,"x":99,"skin":"load/img_slogan.png"},"compId":28},{"type":"Box","props":{"y":1058,"x":159,"name":"privacy_box"},"compId":24,"child":[{"type":"Label","props":{"y":22,"x":349,"text":"请阅读后同意《用户隐私协议》","name":"privacy_lb","mouseEnabled":true,"fontSize":40,"font":"Microsoft YaHei","color":"#5b3f2a","anchorY":0.5,"anchorX":0.5},"compId":19,"child":[{"type":"Script","props":{"isScale":true,"runtime":"components/Button.ts"},"compId":26}]},{"type":"Image","props":{"y":22,"x":22,"stateNum":2,"skin":"load/img_checkBox1.png","name":"check_box","anchorY":0.5,"anchorX":0.5},"compId":20,"child":[{"type":"Image","props":{"visible":true,"skin":"load/img_checkBox2.png","name":"icon"},"compId":21},{"type":"Script","props":{"isScale":true,"runtime":"components/Button.ts"},"compId":22},{"type":"Circle","props":{"y":23,"x":26,"renderType":"hit","radius":50,"lineWidth":1,"fillColor":"#ff0000"},"compId":25}]}]},{"type":"Image","props":{"y":949,"x":484,"width":440,"skin":"load/img_weChantBtn.png","rotation":0,"name":"login_btn","height":111,"anchorY":0.5,"anchorX":0.5},"compId":10,"child":[{"type":"Script","props":{"isScale":true,"runtime":"components/Button.ts"},"compId":11}]},{"type":"Image","props":{"width":660,"skin":"load/img_loadingScroll1.png","name":"load_box","centerX":0,"bottom":-642,"sizeGrid":"0,35,0,35"},"compId":6,"child":[{"type":"Image","props":{"y":8,"x":8,"width":643,"skin":"load/img_loadingScroll2.png","name":"load_bar","height":40,"sizeGrid":"0,20,0,21"},"compId":7},{"type":"Label","props":{"y":71,"x":135.556640625,"text":"登录成功，正在加载...","fontSize":40,"font":"Microsoft YaHei","color":"#5b3f2a"},"compId":8}]},{"type":"Image","props":{"y":949,"x":501,"width":560,"skin":"load/img_iosLoading.png","name":"apple_btn","height":108,"anchorY":0.5,"anchorX":0.5},"compId":29,"child":[{"type":"Script","props":{"isScale":true,"runtime":"components/Button.ts"},"compId":30}]}]},{"type":"Script","props":{"userInput":"@node:12","test_btn":"@node:15","privacyCheckIcon":"@node:21","privacyBox":"@node:24","loginBox":"@node:10","loadBox":"@node:6","loadBar":"@node:7","appleBtn":"@node:29","runtime":"view/LoginView.ts"},"compId":9},{"type":"Image","props":{"top":59,"skin":"load/img_cadpa12.png","left":64},"compId":27}],"loadList":["res/loadingBg.png","res/img_farmlandLogo.png","res/img_hongbaoban.png","load/img_slogan.png","load/img_checkBox1.png","load/img_checkBox2.png","load/img_weChantBtn.png","load/img_loadingScroll1.png","load/img_loadingScroll2.png","load/img_iosLoading.png","load/img_cadpa12.png"],"loadList3D":[]}