{"type":"View","props":{"width":1080,"top":0,"right":0,"left":0,"height":1920,"bottom":0},"compId":2,"child":[{"type":"Image","props":{"y":30,"x":30,"top":0,"skin":"game/img_shield.png","right":0,"name":"bg","left":0,"bottom":0,"alpha":0.75,"sizeGrid":"2,2,2,2"},"compId":3},{"type":"Image","props":{"y":1040,"x":570,"skin":"res/img_popUpBgMain.png","mouseEnabled":true,"centerY":50,"centerX":0,"anchorY":0.5,"anchorX":0.5},"compId":4,"child":[{"type":"Image","props":{"y":-115.5,"x":164.5,"skin":"res/img_woodtitle.png"},"compId":8},{"type":"Image","props":{"y":-38,"x":296.5,"skin":"game/img_systemEmailTitle.png","name":"title_icon"},"compId":9},{"type":"Image","props":{"y":642,"x":470,"skin":"game/img_deleteEmail.png","name":"delete","anchorY":0.5,"anchorX":0.5},"compId":25,"child":[{"type":"Script","props":{"isScale":true,"runtime":"components/Button.ts"},"compId":26}]},{"type":"Panel","props":{"y":103,"x":82,"width":748,"height":464},"compId":29,"child":[{"type":"Label","props":{"y":21,"x":28,"text":"共计损失了888金币，120钻石","name":"title","fontSize":48,"color":"#916443"},"compId":30},{"type":"Label","props":{"y":114,"x":28,"text":"带走了：","name":"lost_lb","fontSize":48,"color":"#916443"},"compId":33},{"type":"Label","props":{"y":208,"x":28,"text":"狗狗为你追回了：","name":"back_lb","fontSize":48,"color":"#916443"},"compId":37},{"type":"Label","props":{"y":301,"x":28,"text":"共计损失了888金币，120钻石","name":"bottom_lb","fontSize":48,"color":"#916443"},"compId":27}]},{"type":"Image","props":{"y":44,"x":886,"skin":"game/img_x.png","name":"close","mouseEnabled":true,"anchorY":0.5,"anchorX":0.5},"compId":46,"child":[{"type":"Script","props":{"isScale":true,"runtime":"components/Button.ts"},"compId":47},{"type":"Circle","props":{"y":41.5,"x":41,"renderType":"hit","radius":77,"lineWidth":1,"fillColor":"#ff0000"},"compId":48}]}]},{"type":"Script","props":{"content":"@node:4","bg":"@node:3","aniType":"scaleShow","runtime":"components/ViewShowAni.ts"},"compId":23},{"type":"Script","props":{"title":"@node:30","lostLb":"@node:33","item":"@Prefab:scenes/prefab/MailItem.prefab","centerPanel":"@node:29","bottomLb":"@node:27","backLb":"@node:37","runtime":"view/MailDescView.ts"},"compId":32}],"loadList":["game/img_shield.png","res/img_popUpBgMain.png","res/img_woodtitle.png","game/img_systemEmailTitle.png","game/img_deleteEmail.png","game/img_x.png","scenes/prefab/MailItem.prefab"],"loadList3D":[]}