{"type":"View","props":{"y":0,"x":0,"width":1080,"top":0,"right":0,"mouseEnabled":true,"left":0,"height":1920,"bottom":0},"compId":2,"child":[{"type":"Image","props":{"top":0,"skin":"game/img_shield.png","right":0,"name":"bg","left":0,"bottom":0,"alpha":0.75,"sizeGrid":"2,2,2,2"},"compId":37},{"type":"Image","props":{"x":538,"width":1082,"skin":"res/img_popUpBg.png","name":"box","height":1188,"bottom":0,"anchorY":1,"anchorX":0.5},"compId":38,"child":[{"type":"Image","props":{"x":254,"top":-114,"skin":"res/img_woodtitle.png"},"compId":39,"child":[{"type":"Image","props":{"y":115,"x":293,"skin":"game/img_email.png","name":"title","anchorY":0.5,"anchorX":0.5},"compId":40}]},{"type":"Image","props":{"x":1029,"top":-26,"skin":"game/img_x.png","name":"close","anchorY":0.5,"anchorX":0.5},"compId":41,"child":[{"type":"Script","props":{"runtime":"components/Button.ts"},"compId":42},{"type":"Circle","props":{"y":41.5,"x":41,"renderType":"hit","radius":72,"lineWidth":1,"fillColor":"#ff0000"},"compId":43}]},{"type":"List","props":{"y":119,"x":43,"width":1003,"spaceY":20,"selectedIndex":-1,"selectEnable":true,"repeatY":5,"repeatX":1,"mouseEnabled":true,"height":1054},"compId":53,"child":[{"type":"Image","props":{"x":-0.5,"skin":"game/img_listBg.png","renderType":"render","name":"mail_item","mouseEnabled":true,"sizeGrid":"0,133,0,138"},"compId":52,"child":[{"type":"Image","props":{"y":66,"x":786,"visible":false,"skin":"game/img_getAubergine.png","name":"icon"},"compId":56},{"type":"Image","props":{"y":31,"x":229,"skin":"game/img_readTag.png","name":"read_icon"},"compId":64},{"type":"Label","props":{"y":48,"x":37,"text":"系统邮件","name":"title","fontSize":48,"font":"Microsoft YaHei","color":"#5A3F2A"},"compId":49},{"type":"Label","props":{"y":59,"x":275,"text":"2021.10.13 15:28:29","name":"time","fontSize":40,"font":"Microsoft YaHei","color":"#5A3F2A"},"compId":54},{"type":"Label","props":{"y":126,"x":42,"wordWrap":false,"width":910,"text":"xxx潜入菜地偷菜，被狗狗发现并追加了作物","overflow":"hidden","name":"desc","height":36,"fontSize":36,"font":"Microsoft YaHei","color":"#916443"},"compId":55},{"type":"Label","props":{"y":86,"x":890,"visible":false,"text":"x1","name":"num","fontSize":44,"font":"Microsoft YaHei","color":"#5A3F2A","bold":true},"compId":57}]}]},{"type":"Label","props":{"y":332,"x":544.5,"text":"空空如也！","name":"empty_lb","fontSize":50,"font":"Microsoft YaHei","color":"#5A3F2A","anchorX":0.5},"compId":65}]},{"type":"Script","props":{"list":"@node:53","empty_lb":"@node:65","runtime":"view/MailView.ts"},"compId":61},{"type":"Script","props":{"content":"@node:38","bg":"@node:37","aniType":"bottomToShow","runtime":"components/ViewShowAni.ts"},"compId":63}],"loadList":["game/img_shield.png","res/img_popUpBg.png","res/img_woodtitle.png","game/img_email.png","game/img_x.png","game/img_listBg.png","game/img_getAubergine.png","game/img_readTag.png"],"loadList3D":[]}