{"type":"View","props":{"width":1080,"top":0,"right":0,"left":0,"height":1920,"bottom":0},"compId":2,"child":[{"type":"Script","props":{"y":0,"x":0,"width":14,"warehouseBtn":"@node:99","vitalityBuyBtn":"@node:879","vitalityBox":"@node:877","topLayerOnStage":"@node:837","topGoldIcon":"@node:72","topDiamondIcon":"@node:78","testBtn":"@node:237","taskBox":"@node:244","step9":"@node:241","step8":"@node:239","step7":"@node:117","step6":"@node:112","step5":"@node:98","step4":"@node:97","step3":"@node:99","step2":"@node:80","step1":"@node:415","rewardShareGuide":"@node:970","redNode":"@node:477","petBox":"@node:870","orderBox":"@node:80","moneyLb":"@node:479","landUpLayer":"@node:496","landBox":"@node:112","height":14,"guideLayer":"@node:986","guideHand":"@node:961","goldNode":"@node:73","goldAdd":"@node:963","goHomeBtn":"@node:875","getRewardPrefab":"@Prefab:scenes/prefab/GetReward.prefab","floatRewardIcon":"@Prefab:scenes/prefab/FloatRewardIcon.prefab","figureBoxAni":"@node:942","figureBox2Ani":"@node:895","figureBox2":"@node:895","figureBox":"@node:942","figureAni":"@node:894","fastGetBtn":"@node:113","diamondNode":"@node:79","diamondAdd":"@node:964","center_box":"@node:96","centerBox":"@node:96","bottomBox":"@node:243","avatarNode":"@node:350","anyDoorRed":"@node:971","anyDoor":"@node:241","addLandLayer":"@node:316","addLandBg":"@node:332","runtime":"view/MainView.ts"},"compId":65},{"type":"Image","props":{"y":0,"x":0,"width":1080,"top":0,"skin":"res/img_homepageBg1.png","centerX":0,"bottom":1422},"compId":81},{"type":"Image","props":{"y":1106,"x":0,"top":1106,"skin":"res/img_homepageBg3.png","bottom":0},"compId":337},{"type":"Image","props":{"y":409,"x":0,"width":1080,"skin":"res/img_homepageBg2.png","height":611,"centerY":-246,"centerX":0,"alpha":1},"compId":336},{"type":"Box","props":{"width":1083,"name":"center_box","height":1149,"centerY":0,"centerX":0,"anchorY":0.5,"anchorX":0.5},"compId":96,"child":[{"type":"Image","props":{"y":391,"x":-107.5,"skin":"res/img_landBg.png"},"compId":339},{"type":"Image","props":{"zOrder":2,"y":1008,"x":988,"skin":"main_scene/img_dogHouse.png","name":"dog_house","mouseEnabled":true,"anchorY":0.5,"anchorX":0.5},"compId":114,"child":[{"type":"Script","props":{"isScale":true,"runtime":"components/Button.ts"},"compId":884}]},{"type":"Box","props":{"y":-57,"x":-106,"name":"house_box"},"compId":101,"child":[{"type":"Image","props":{"y":149,"x":657,"skin":"main_scene/img_landUpdate.png","name":"landLevelUp","anchorY":0.5,"anchorX":0.5},"compId":98,"child":[{"type":"Script","props":{"scaleVal":0.95,"isScale":true,"runtime":"components/Button.ts"},"compId":120}]},{"type":"Box","props":{"y":41,"x":0,"width":495,"height":395},"compId":989,"child":[{"type":"Image","props":{"y":230.5,"x":270.5,"skin":"main_scene/img_storehouseBuilding.png","name":"warehouse","anchorY":0.5,"anchorX":0.5},"compId":99,"child":[{"type":"Script","props":{"scaleVal":0.95,"isScale":true,"runtime":"components/Button.ts"},"compId":121}]}]},{"type":"Box","props":{"y":209,"x":520,"name":"figure_box"},"compId":942,"child":[{"type":"Animation","props":{"width":100,"source":"res/figure.atlas","name":"figure_ani","interval":150,"height":100,"autoPlay":true},"compId":943,"child":[{"type":"Script","props":{"delay":"1000","_y":"331","_x":"-592","runtime":"components/FigureAni.ts"},"compId":949}]},{"type":"Animation","props":{"y":-171,"x":267,"width":100,"source":"res/figure4.atlas","name":"figure4_ani","interval":150,"height":100,"autoPlay":true},"compId":947,"child":[{"type":"Script","props":{"time":"14000","delay":"90000","_y":"331","_x":"-592","runtime":"components/FigureAni.ts"},"compId":951}]}]},{"type":"Image","props":{"y":252,"x":1003,"skin":"main_scene/img_marketBuilding.png","name":"shop","anchorY":0.5,"anchorX":0.5},"compId":97,"child":[{"type":"Script","props":{"scaleVal":0.95,"isScale":true,"runtime":"components/Button.ts"},"compId":119}]},{"type":"Box","props":{"y":209,"x":521,"name":"figure2_box"},"compId":895,"child":[{"type":"Animation","props":{"y":20,"x":240,"width":100,"source":"res/figure2.atlas","name":"figure2_ani","interval":150,"height":100,"autoPlay":true},"compId":931,"child":[{"type":"Script","props":{"delay":"120000","_y":"278","_x":"769","runtime":"components/FigureAni.ts"},"compId":953}]},{"type":"Animation","props":{"y":-80,"x":13,"width":100,"source":"res/figure5.atlas","name":"figure5_ani","interval":150,"height":100,"autoPlay":true},"compId":934,"child":[{"type":"Script","props":{"time":"13000","delay":"5000","_y":"278","_x":"769","runtime":"components/FigureAni.ts"},"compId":954}]}]}]},{"type":"Image","props":{"y":1132,"x":941,"width":102,"skin":"main_scene/img_bowlWithFood.png","name":"buy_feed","mouseEnabled":true,"height":72},"compId":116},{"type":"Image","props":{"zOrder":5,"y":999,"x":135,"skin":"main_scene/img_ongkeyGet.png","name":"fast_get","anchorY":0.5,"anchorX":0.5},"compId":113,"child":[{"type":"Script","props":{"isScale":true,"runtime":"components/Button.ts"},"compId":980}]},{"type":"Box","props":{"zOrder":1,"y":452,"x":15,"width":1087,"name":"land_box","mouseEnabled":true,"height":610},"compId":112,"child":[{"type":"Image","props":{"y":64,"x":543.5,"presetID":1,"name":"land","width":403,"skin":"main_scene/img_wasteland.png","pivotY":100,"pivotX":200,"mouseEnabled":true,"isPresetRoot":true,"height":203,"anchorY":0.5,"anchorX":0.5},"compId":351,"child":[{"type":"Poly","props":{"presetID":2,"y":65,"x":130,"renderType":"hit","points":"-131,39,69,-66,269,32,66,136","name":"touchLayer","lineWidth":1,"lineColor":"#ff0000","fillColor":"#00ffff"},"compId":253},{"type":"Image","props":{"presetID":4,"y":50,"x":134,"skin":"main_scene/img_shadow.png","name":"shadow"},"compId":255},{"type":"Image","props":{"presetID":3,"y":164,"x":193,"skin":"plant_icon/1001_growing.png","name":"icon","anchorY":1,"anchorX":0.5},"compId":254,"child":[{"type":"Poly","props":{"presetID":11,"y":110,"x":-12.5,"renderType":"hit","points":"-13,29,171,-137,368,42,162,134","lineWidth":1,"lineColor":"#ff0000","fillColor":"#00ffff"},"compId":911}]},{"type":"Script","props":{"presetID":5,"fieldId":9,"unlockIcon":"main_scene/img_extend.png","fieldEmptyRes":"main_scene/img_land.png","runtime":"components/FieldComponent.ts"},"compId":427},{"type":"Image","props":{"presetID":6,"y":-107,"x":151,"skin":"main_scene/img_speedUp.png","name":"topStateIcon","mouseEnabled":true},"compId":436},{"type":"Image","props":{"presetID":7,"y":73,"x":269.75,"skin":"main_scene/img_level1.png","name":"lvNode"},"compId":445},{"type":"Image","props":{"presetID":8,"y":51,"x":206,"skin":"main_scene/img_timerBg.png","name":"timeBox","anchorX":0.5},"compId":454,"child":[{"type":"Label","props":{"presetID":9,"text":"00:00:00","name":"countDownLb","fontSize":20,"font":"Arial","color":"#ffffff","centerY":0,"centerX":0},"compId":455}]},{"type":"Animation","props":{"presetID":10,"y":-72,"x":193,"width":357,"source":"scenes/ani/landUp.ani","name":"upAni","height":100,"autoPlay":false},"compId":885},{"type":"Image","props":{"presetID":12,"y":-36,"x":201.5,"skin":"game/img_10min.png","name":"reduceTime","anchorX":0.5},"compId":920}]},{"type":"Image","props":{"y":169,"x":332,"presetID":1,"name":"land","width":403,"skin":"main_scene/img_wasteland.png","pivotY":100,"pivotX":200,"mouseEnabled":true,"isPresetRoot":true,"height":203,"anchorY":0.5,"anchorX":0.5},"compId":357,"child":[{"type":"Poly","props":{"presetID":2,"y":65,"x":130,"renderType":"hit","points":"-131,39,69,-66,269,32,66,136","name":"touchLayer","lineWidth":1,"lineColor":"#ff0000","fillColor":"#00ffff"},"compId":358},{"type":"Image","props":{"presetID":4,"y":50,"x":134,"skin":"main_scene/img_shadow.png","name":"shadow"},"compId":359},{"type":"Image","props":{"presetID":3,"y":164,"x":193,"skin":"plant_icon/1001_growing.png","name":"icon","anchorY":1,"anchorX":0.5},"compId":360,"child":[{"type":"Poly","props":{"presetID":11,"y":110,"x":-12.5,"renderType":"hit","points":"-13,29,171,-137,368,42,162,134","lineWidth":1,"lineColor":"#ff0000","fillColor":"#00ffff"},"compId":912}]},{"type":"Script","props":{"presetID":5,"fieldId":8,"unlockIcon":"main_scene/img_extend.png","fieldEmptyRes":"main_scene/img_land.png","runtime":"components/FieldComponent.ts"},"compId":428},{"type":"Image","props":{"presetID":6,"y":-107,"x":151,"skin":"main_scene/img_speedUp.png","name":"topStateIcon","mouseEnabled":true},"compId":437},{"type":"Image","props":{"presetID":7,"y":73,"x":269.75,"skin":"main_scene/img_level1.png","name":"lvNode"},"compId":446},{"type":"Image","props":{"presetID":8,"y":51,"x":206,"skin":"main_scene/img_timerBg.png","name":"timeBox","anchorX":0.5},"compId":456,"child":[{"type":"Label","props":{"presetID":9,"text":"00:00:00","name":"countDownLb","fontSize":20,"font":"Arial","color":"#ffffff","centerY":0,"centerX":0},"compId":457}]},{"type":"Animation","props":{"presetID":10,"y":-72,"x":193,"width":357,"source":"scenes/ani/landUp.ani","name":"upAni","height":100,"autoPlay":false},"compId":886},{"type":"Image","props":{"presetID":12,"y":-36,"x":201.5,"skin":"game/img_10min.png","name":"reduceTime","anchorX":0.5},"compId":921}]},{"type":"Image","props":{"y":282,"x":131,"presetID":1,"name":"land","width":403,"skin":"main_scene/img_wasteland.png","pivotY":100,"pivotX":200,"mouseEnabled":true,"isPresetRoot":true,"height":203,"anchorY":0.5,"anchorX":0.5},"compId":362,"child":[{"type":"Poly","props":{"presetID":2,"y":65,"x":130,"renderType":"hit","points":"-131,39,69,-66,269,32,66,136","name":"touchLayer","lineWidth":1,"lineColor":"#ff0000","fillColor":"#00ffff"},"compId":363},{"type":"Image","props":{"presetID":4,"y":50,"x":134,"skin":"main_scene/img_shadow.png","name":"shadow"},"compId":364},{"type":"Image","props":{"presetID":3,"y":164,"x":193,"skin":"plant_icon/1001_growing.png","name":"icon","anchorY":1,"anchorX":0.5},"compId":365,"child":[{"type":"Poly","props":{"presetID":11,"y":110,"x":-12.5,"renderType":"hit","points":"-13,29,171,-137,368,42,162,134","lineWidth":1,"lineColor":"#ff0000","fillColor":"#00ffff"},"compId":913}]},{"type":"Script","props":{"presetID":5,"fieldId":7,"unlockIcon":"main_scene/img_extend.png","fieldEmptyRes":"main_scene/img_land.png","runtime":"components/FieldComponent.ts"},"compId":429},{"type":"Image","props":{"presetID":6,"y":-107,"x":151,"skin":"main_scene/img_speedUp.png","name":"topStateIcon","mouseEnabled":true},"compId":438},{"type":"Image","props":{"presetID":7,"y":73,"x":269.75,"skin":"main_scene/img_level1.png","name":"lvNode"},"compId":447},{"type":"Image","props":{"presetID":8,"y":51,"x":206,"skin":"main_scene/img_timerBg.png","name":"timeBox","anchorX":0.5},"compId":458,"child":[{"type":"Label","props":{"presetID":9,"text":"00:00:00","name":"countDownLb","fontSize":20,"font":"Arial","color":"#ffffff","centerY":0,"centerX":0},"compId":459}]},{"type":"Animation","props":{"presetID":10,"y":-72,"x":193,"width":357,"source":"scenes/ani/landUp.ani","name":"upAni","height":100,"autoPlay":false},"compId":887},{"type":"Image","props":{"presetID":12,"y":-36,"x":201.5,"skin":"game/img_10min.png","name":"reduceTime","anchorX":0.5},"compId":922}]},{"type":"Image","props":{"y":160,"x":742,"presetID":1,"name":"land","width":403,"skin":"main_scene/img_wasteland.png","pivotY":100,"pivotX":200,"mouseEnabled":true,"isPresetRoot":true,"height":203,"anchorY":0.5,"anchorX":0.5},"compId":367,"child":[{"type":"Poly","props":{"presetID":2,"y":65,"x":130,"renderType":"hit","points":"-131,39,69,-66,269,32,66,136","name":"touchLayer","lineWidth":1,"lineColor":"#ff0000","fillColor":"#00ffff"},"compId":370},{"type":"Image","props":{"presetID":4,"y":50,"x":134,"skin":"main_scene/img_shadow.png","name":"shadow"},"compId":371},{"type":"Image","props":{"presetID":3,"y":164,"x":193,"skin":"plant_icon/1001_growing.png","name":"icon","anchorY":1,"anchorX":0.5},"compId":372,"child":[{"type":"Poly","props":{"presetID":11,"y":110,"x":-12.5,"renderType":"hit","points":"-13,29,171,-137,368,42,162,134","lineWidth":1,"lineColor":"#ff0000","fillColor":"#00ffff"},"compId":914}]},{"type":"Script","props":{"presetID":5,"fieldId":6,"unlockIcon":"main_scene/img_extend.png","fieldEmptyRes":"main_scene/img_land.png","runtime":"components/FieldComponent.ts"},"compId":430},{"type":"Image","props":{"presetID":6,"y":-107,"x":151,"skin":"main_scene/img_speedUp.png","name":"topStateIcon","mouseEnabled":true},"compId":439},{"type":"Image","props":{"presetID":7,"y":73,"x":269.75,"skin":"main_scene/img_level1.png","name":"lvNode"},"compId":448},{"type":"Image","props":{"presetID":8,"y":51,"x":206,"skin":"main_scene/img_timerBg.png","name":"timeBox","anchorX":0.5},"compId":460,"child":[{"type":"Label","props":{"presetID":9,"text":"00:00:00","name":"countDownLb","fontSize":20,"font":"Arial","color":"#ffffff","centerY":0,"centerX":0},"compId":461}]},{"type":"Animation","props":{"presetID":10,"y":-72,"x":193,"width":357,"source":"scenes/ani/landUp.ani","name":"upAni","height":100,"autoPlay":false},"compId":888},{"type":"Image","props":{"presetID":12,"y":-36,"x":201.5,"skin":"game/img_10min.png","name":"reduceTime","anchorX":0.5},"compId":923}]},{"type":"Image","props":{"y":265,"x":530,"presetID":1,"name":"land","width":403,"skin":"main_scene/img_wasteland.png","pivotY":100,"pivotX":200,"mouseEnabled":true,"isPresetRoot":true,"height":203,"anchorY":0.5,"anchorX":0.5},"compId":368,"child":[{"type":"Poly","props":{"presetID":2,"y":65,"x":130,"renderType":"hit","points":"-131,39,69,-66,269,32,66,136","name":"touchLayer","lineWidth":1,"lineColor":"#ff0000","fillColor":"#00ffff"},"compId":374},{"type":"Image","props":{"presetID":4,"y":50,"x":134,"skin":"main_scene/img_shadow.png","name":"shadow"},"compId":375},{"type":"Image","props":{"presetID":3,"y":164,"x":193,"skin":"plant_icon/1001_growing.png","name":"icon","anchorY":1,"anchorX":0.5},"compId":376,"child":[{"type":"Poly","props":{"presetID":11,"y":110,"x":-12.5,"renderType":"hit","points":"-13,29,171,-137,368,42,162,134","lineWidth":1,"lineColor":"#ff0000","fillColor":"#00ffff"},"compId":915}]},{"type":"Script","props":{"presetID":5,"fieldId":5,"unlockIcon":"main_scene/img_extend.png","fieldEmptyRes":"main_scene/img_land.png","runtime":"components/FieldComponent.ts"},"compId":431},{"type":"Image","props":{"presetID":6,"y":-107,"x":151,"skin":"main_scene/img_speedUp.png","name":"topStateIcon","mouseEnabled":true},"compId":440},{"type":"Image","props":{"presetID":7,"y":73,"x":269.75,"skin":"main_scene/img_level1.png","name":"lvNode"},"compId":449},{"type":"Image","props":{"presetID":8,"y":51,"x":206,"skin":"main_scene/img_timerBg.png","name":"timeBox","anchorX":0.5},"compId":462,"child":[{"type":"Label","props":{"presetID":9,"text":"00:00:00","name":"countDownLb","fontSize":20,"font":"Arial","color":"#ffffff","centerY":0,"centerX":0},"compId":463}]},{"type":"Animation","props":{"presetID":10,"y":-72,"x":193,"width":357,"source":"scenes/ani/landUp.ani","name":"upAni","height":100,"autoPlay":false},"compId":889},{"type":"Image","props":{"presetID":12,"y":-36,"x":201.5,"skin":"game/img_10min.png","name":"reduceTime","anchorX":0.5},"compId":924}]},{"type":"Image","props":{"y":378,"x":329,"presetID":1,"name":"land","width":403,"skin":"main_scene/img_wasteland.png","pivotY":100,"pivotX":200,"mouseEnabled":true,"isPresetRoot":true,"height":203,"anchorY":0.5,"anchorX":0.5},"compId":369,"child":[{"type":"Poly","props":{"presetID":2,"y":65,"x":130,"renderType":"hit","points":"-131,39,69,-66,269,32,66,136","name":"touchLayer","lineWidth":1,"lineColor":"#ff0000","fillColor":"#00ffff"},"compId":378},{"type":"Image","props":{"presetID":4,"y":50,"x":134,"skin":"main_scene/img_shadow.png","name":"shadow"},"compId":379},{"type":"Image","props":{"presetID":3,"y":164,"x":193,"skin":"plant_icon/1001_growing.png","name":"icon","anchorY":1,"anchorX":0.5},"compId":380,"child":[{"type":"Poly","props":{"presetID":11,"y":110,"x":-12.5,"renderType":"hit","points":"-13,29,171,-137,368,42,162,134","lineWidth":1,"lineColor":"#ff0000","fillColor":"#00ffff"},"compId":916}]},{"type":"Script","props":{"presetID":5,"fieldId":4,"unlockIcon":"main_scene/img_extend.png","fieldEmptyRes":"main_scene/img_land.png","runtime":"components/FieldComponent.ts"},"compId":432},{"type":"Image","props":{"presetID":6,"y":-107,"x":151,"skin":"main_scene/img_speedUp.png","name":"topStateIcon","mouseEnabled":true},"compId":441},{"type":"Image","props":{"presetID":7,"y":73,"x":269.75,"skin":"main_scene/img_level1.png","name":"lvNode"},"compId":450},{"type":"Image","props":{"presetID":8,"y":51,"x":206,"skin":"main_scene/img_timerBg.png","name":"timeBox","anchorX":0.5},"compId":464,"child":[{"type":"Label","props":{"presetID":9,"text":"00:00:00","name":"countDownLb","fontSize":20,"font":"Arial","color":"#ffffff","centerY":0,"centerX":0},"compId":465}]},{"type":"Animation","props":{"presetID":10,"y":-72,"x":193,"width":357,"source":"scenes/ani/landUp.ani","name":"upAni","height":100,"autoPlay":false},"compId":890},{"type":"Image","props":{"presetID":12,"y":-36,"x":201.5,"skin":"game/img_10min.png","name":"reduceTime","anchorX":0.5},"compId":925}]},{"type":"Image","props":{"y":258,"x":938,"presetID":1,"name":"land","width":403,"skin":"main_scene/img_wasteland.png","pivotY":100,"pivotX":200,"mouseEnabled":true,"isPresetRoot":true,"height":203,"anchorY":0.5,"anchorX":0.5},"compId":413,"child":[{"type":"Poly","props":{"presetID":2,"y":65,"x":130,"renderType":"hit","points":"-131,39,69,-66,269,32,66,136","name":"touchLayer","lineWidth":1,"lineColor":"#ff0000","fillColor":"#00ffff"},"compId":416},{"type":"Image","props":{"presetID":4,"y":50,"x":134,"skin":"main_scene/img_shadow.png","name":"shadow"},"compId":417},{"type":"Image","props":{"presetID":3,"y":164,"x":193,"skin":"plant_icon/1001_growing.png","name":"icon","anchorY":1,"anchorX":0.5},"compId":418,"child":[{"type":"Poly","props":{"presetID":11,"y":110,"x":-12.5,"renderType":"hit","points":"-13,29,171,-137,368,42,162,134","lineWidth":1,"lineColor":"#ff0000","fillColor":"#00ffff"},"compId":917}]},{"type":"Script","props":{"presetID":5,"fieldId":3,"unlockIcon":"main_scene/img_extend.png","fieldEmptyRes":"main_scene/img_land.png","runtime":"components/FieldComponent.ts"},"compId":433},{"type":"Image","props":{"presetID":6,"y":-107,"x":151,"skin":"main_scene/img_speedUp.png","name":"topStateIcon","mouseEnabled":true},"compId":442},{"type":"Image","props":{"presetID":7,"y":73,"x":269.75,"skin":"main_scene/img_level1.png","name":"lvNode"},"compId":451},{"type":"Image","props":{"presetID":8,"y":51,"x":206,"skin":"main_scene/img_timerBg.png","name":"timeBox","anchorX":0.5},"compId":466,"child":[{"type":"Label","props":{"presetID":9,"text":"00:00:00","name":"countDownLb","fontSize":20,"font":"Arial","color":"#ffffff","centerY":0,"centerX":0},"compId":467}]},{"type":"Animation","props":{"presetID":10,"y":-72,"x":193,"width":357,"source":"scenes/ani/landUp.ani","name":"upAni","height":100,"autoPlay":false},"compId":891},{"type":"Image","props":{"presetID":12,"y":-36,"x":201.5,"skin":"game/img_10min.png","name":"reduceTime","anchorX":0.5},"compId":926}]},{"type":"Image","props":{"y":363,"x":726,"presetID":1,"name":"land","width":403,"skin":"main_scene/img_wasteland.png","pivotY":100,"pivotX":200,"mouseEnabled":true,"isPresetRoot":true,"height":203,"anchorY":0.5,"anchorX":0.5},"compId":414,"child":[{"type":"Poly","props":{"presetID":2,"y":65,"x":130,"renderType":"hit","points":"-131,39,69,-66,269,32,66,136","name":"touchLayer","lineWidth":1,"lineColor":"#ff0000","fillColor":"#00ffff"},"compId":420},{"type":"Image","props":{"presetID":4,"y":50,"x":134,"skin":"main_scene/img_shadow.png","name":"shadow"},"compId":421},{"type":"Image","props":{"presetID":3,"y":164,"x":193,"skin":"plant_icon/1001_growing.png","name":"icon","anchorY":1,"anchorX":0.5},"compId":422,"child":[{"type":"Poly","props":{"presetID":11,"y":110,"x":-12.5,"renderType":"hit","points":"-13,29,171,-137,368,42,162,134","lineWidth":1,"lineColor":"#ff0000","fillColor":"#00ffff"},"compId":918}]},{"type":"Script","props":{"presetID":5,"fieldId":2,"unlockIcon":"main_scene/img_extend.png","fieldEmptyRes":"main_scene/img_land.png","runtime":"components/FieldComponent.ts"},"compId":434},{"type":"Image","props":{"presetID":6,"y":-107,"x":151,"skin":"main_scene/img_speedUp.png","name":"topStateIcon","mouseEnabled":true},"compId":443},{"type":"Image","props":{"presetID":7,"y":73,"x":269.75,"skin":"main_scene/img_level1.png","name":"lvNode"},"compId":452},{"type":"Image","props":{"presetID":8,"y":51,"x":206,"skin":"main_scene/img_timerBg.png","name":"timeBox","anchorX":0.5},"compId":468,"child":[{"type":"Label","props":{"presetID":9,"text":"00:00:00","name":"countDownLb","fontSize":20,"font":"Arial","color":"#ffffff","centerY":0,"centerX":0},"compId":469}]},{"type":"Animation","props":{"presetID":10,"y":-72,"x":193,"width":357,"source":"scenes/ani/landUp.ani","name":"upAni","height":100,"autoPlay":false},"compId":892},{"type":"Image","props":{"presetID":12,"y":-36,"x":201.5,"skin":"game/img_10min.png","name":"reduceTime","anchorX":0.5},"compId":927}]},{"type":"Image","props":{"zOrder":9,"y":476,"x":525,"presetID":1,"name":"land","width":403,"skin":"main_scene/img_wasteland.png","pivotY":100,"pivotX":200,"mouseEnabled":true,"isPresetRoot":true,"height":203,"anchorY":0.5,"anchorX":0.5},"compId":415,"child":[{"type":"Poly","props":{"presetID":2,"y":65,"x":130,"renderType":"hit","points":"-131,39,69,-66,269,32,66,136","name":"touchLayer","lineWidth":1,"lineColor":"#ff0000","fillColor":"#00ffff"},"compId":424},{"type":"Image","props":{"presetID":4,"y":50,"x":134,"skin":"main_scene/img_shadow.png","name":"shadow"},"compId":425},{"type":"Image","props":{"presetID":3,"y":164,"x":193,"skin":"plant_icon/1001_growing.png","name":"icon","anchorY":1,"anchorX":0.5},"compId":426,"child":[{"type":"Poly","props":{"presetID":11,"y":110,"x":-12.5,"renderType":"hit","points":"-13,29,171,-137,368,42,162,134","lineWidth":1,"lineColor":"#ff0000","fillColor":"#00ffff"},"compId":919}]},{"type":"Script","props":{"presetID":5,"fieldId":1,"unlockIcon":"main_scene/img_extend.png","fieldEmptyRes":"main_scene/img_land.png","runtime":"components/FieldComponent.ts"},"compId":435},{"type":"Image","props":{"presetID":6,"y":-107,"x":151,"skin":"main_scene/img_speedUp.png","name":"topStateIcon","mouseEnabled":true},"compId":444},{"type":"Image","props":{"presetID":7,"y":73,"x":269.75,"skin":"main_scene/img_level1.png","name":"lvNode"},"compId":453},{"type":"Image","props":{"presetID":8,"y":51,"x":206,"skin":"main_scene/img_timerBg.png","name":"timeBox","anchorX":0.5},"compId":470,"child":[{"type":"Label","props":{"presetID":9,"text":"00:00:00","name":"countDownLb","fontSize":20,"font":"Arial","color":"#ffffff","centerY":0,"centerX":0},"compId":471}]},{"type":"Animation","props":{"presetID":10,"y":-72,"x":193,"width":357,"source":"scenes/ani/landUp.ani","name":"upAni","height":100,"autoPlay":false},"compId":893},{"type":"Image","props":{"presetID":12,"y":-36,"x":201.5,"skin":"game/img_10min.png","name":"reduceTime","anchorX":0.5},"compId":928}]}]},{"type":"Box","props":{"zOrder":10,"y":1058,"x":718,"width":237,"name":"dog_box","mouseEnabled":true,"height":256},"compId":870,"child":[{"type":"Animation","props":{"y":-95,"x":0,"width":185,"source":"res/dog_1001.atlas","name":"dog_ani","mouseEnabled":true,"interval":150,"height":249,"autoPlay":true},"compId":965},{"type":"Image","props":{"y":160,"x":202,"width":143,"skin":"main_scene/img_progressBarBg.png","name":"box","sizeGrid":"0,20,0,19"},"compId":871,"child":[{"type":"Image","props":{"y":5,"x":6,"width":130,"skin":"main_scene/img_dogProgress.png","name":"vitality_bar","height":20,"sizeGrid":"0,11,0,10"},"compId":872},{"type":"Image","props":{"y":-317,"x":-601,"skin":"main_scene/img_dialogBg.png","name":"hungry"},"compId":967,"child":[{"type":"Label","props":{"y":54,"x":76,"text":"我饿了。。。","name":"lb","fontSize":38,"font":"Microsoft YaHei","color":"#906344","bold":true,"align":"center"},"compId":968},{"type":"Image","props":{"y":167,"x":369.5,"skin":"main_scene/img_dialogBg2.png"},"compId":969}]}]}]}]},{"type":"Image","props":{"y":49,"x":120,"width":932,"top":49,"name":"top_box","mouseEnabled":true,"hitTestPrior":false,"height":123},"compId":67,"child":[{"type":"Image","props":{"width":932,"skin":"main_scene/img_portraitBg.png","name":"money_box","mouseEnabled":true,"sizeGrid":"25,42,45,43"},"compId":908,"child":[{"type":"Image","props":{"y":26,"x":108,"width":233,"skin":"main_scene/img_coinbg.png","name":"money_red_box","mouseEnabled":true,"height":64,"sizeGrid":"0,58,0,56"},"compId":477,"child":[{"type":"Image","props":{"y":-11,"x":-29,"skin":"main_scene/img_money.png"},"compId":478},{"type":"FontClip","props":{"y":13,"x":136,"value":"99.99","spaceX":-6,"skin":"main_scene/fontClip_moneyNum.png","sheet":"0123456789.","name":"money","anchorX":0.5,"align":"center"},"compId":479}]},{"type":"Image","props":{"y":26,"x":378,"width":233,"skin":"main_scene/img_coinbg.png","name":"gold_box","sizeGrid":"0,58,0,56"},"compId":71,"child":[{"type":"Image","props":{"y":27,"x":12,"skin":"main_scene/img_coin.png","anchorY":0.5,"anchorX":0.5},"compId":72},{"type":"FontClip","props":{"y":13,"x":136,"value":"12345","spaceX":-6,"skin":"main_scene/fontClip_head.png","sheet":"0123456789","name":"glod","anchorX":0.5,"align":"center"},"compId":73}]},{"type":"Image","props":{"y":26,"x":668,"width":233,"skin":"main_scene/img_coinbg.png","name":"diamond_box","mouseEnabled":true,"sizeGrid":"0,58,0,56"},"compId":77,"child":[{"type":"Image","props":{"y":-7,"x":-23,"skin":"main_scene/img_diamond.png"},"compId":78},{"type":"FontClip","props":{"y":13,"x":138,"value":"12345","spaceX":-6,"skin":"main_scene/fontClip_head.png","sheet":"0123456789","name":"diamon","anchorX":0.5,"align":"center"},"compId":79}]},{"type":"FontClip","props":{"y":30,"x":513,"visible":false,"value":"+0","spaceX":-6,"skin":"main_scene/fontClip_addNum.png","sheet":"0123456789+","name":"glod_add","anchorX":0.5},"compId":963},{"type":"FontClip","props":{"y":30,"x":813,"visible":false,"value":"+0","spaceX":-6,"skin":"main_scene/fontClip_addNum.png","sheet":"0123456789+","name":"diamond_add","anchorX":0.5},"compId":964}]},{"type":"Image","props":{"y":53,"x":11,"width":92,"skin":"main_scene/img_defaultPortrait.png","name":"avater","height":90,"anchorY":0.5,"anchorX":0.5},"compId":350},{"type":"Image","props":{"y":-15,"x":-58,"skin":"main_scene/img_portrait.png","name":"head","mouseEnabled":true},"compId":68,"child":[{"type":"Script","props":{"runtime":"components/Button.ts"},"compId":874}]},{"type":"Image","props":{"y":120,"x":417,"skin":"main_scene/img_taskbg.png","name":"order_box_outer","mouseEnabled":true,"anchorX":0.5},"compId":80,"child":[{"type":"Box","props":{"y":38,"x":146,"name":"order_box"},"compId":906,"child":[{"type":"Label","props":{"y":-4,"x":708,"width":168.515625,"text":"完成1级订单","name":"name_title","height":30,"fontSize":30,"color":"#D23210","bold":true,"anchorX":0.5},"compId":93},{"type":"Box","props":{"y":16,"width":100,"name":"item_0","height":100},"compId":82,"child":[{"type":"Image","props":{"y":22,"x":50,"width":52,"name":"icon","height":56,"anchorY":0.5,"anchorX":0.5},"compId":848},{"type":"Image","props":{"y":54,"x":3,"skin":"main_scene/img_headBarBg.png"},"compId":849},{"type":"Image","props":{"y":56,"x":5,"width":87,"skin":"main_scene/img_headBar.png","name":"bar","height":12,"sizeGrid":"0,6,0,4"},"compId":850},{"type":"Label","props":{"y":77,"x":51,"text":"9/10","name":"num","fontSize":34,"color":"#755037","bold":true,"anchorX":0.5},"compId":851}]},{"type":"Box","props":{"y":16,"x":148,"width":100,"name":"item_1","height":100},"compId":345,"child":[{"type":"Image","props":{"y":22,"x":50,"width":52,"name":"icon","height":56,"anchorY":0.5,"anchorX":0.5},"compId":852},{"type":"Image","props":{"y":54,"x":3,"skin":"main_scene/img_headBarBg.png"},"compId":853},{"type":"Image","props":{"y":56,"x":5,"width":87,"skin":"main_scene/img_headBar.png","name":"bar","height":12,"sizeGrid":"0,6,0,4"},"compId":854},{"type":"Label","props":{"y":77,"x":51,"text":"9/10","name":"num","fontSize":34,"color":"#755037","bold":true,"anchorX":0.5},"compId":855}]},{"type":"Box","props":{"y":16,"x":297,"width":100,"name":"item_2","height":100},"compId":87,"child":[{"type":"Image","props":{"y":22,"x":50,"width":52,"name":"icon","height":56,"anchorY":0.5,"anchorX":0.5},"compId":856},{"type":"Image","props":{"y":54,"x":3,"skin":"main_scene/img_headBarBg.png"},"compId":857},{"type":"Image","props":{"y":56,"x":5,"width":87,"skin":"main_scene/img_headBar.png","name":"bar","height":12,"sizeGrid":"0,6,0,4"},"compId":858},{"type":"Label","props":{"y":77,"x":51,"text":"9/10","name":"num","fontSize":34,"color":"#755037","bold":true,"anchorX":0.5},"compId":859}]},{"type":"Box","props":{"y":16,"x":445,"width":100,"name":"item_3","height":100},"compId":838,"child":[{"type":"Image","props":{"y":22,"x":50,"width":52,"name":"icon","height":56,"anchorY":0.5,"anchorX":0.5},"compId":860},{"type":"Image","props":{"y":54,"x":3,"skin":"main_scene/img_headBarBg.png"},"compId":861},{"type":"Image","props":{"y":56,"x":5,"width":87,"skin":"main_scene/img_headBar.png","name":"bar","height":12,"sizeGrid":"0,6,0,4"},"compId":862},{"type":"Label","props":{"y":77,"x":51,"text":"9/10","name":"num","fontSize":34,"color":"#755037","bold":true,"anchorX":0.5},"compId":863}]},{"type":"HBox","props":{"y":51,"x":674,"width":112,"space":6,"rotation":0,"name":"gold_box","height":55,"anchorY":0.5,"anchorX":0.5,"align":"middle"},"compId":845,"child":[{"type":"Image","props":{"width":45,"skin":"game/img_bankdiamond.png","name":"icon","height":45},"compId":846},{"type":"FontClip","props":{"y":10.5,"value":"9999","spaceX":-6,"skin":"game/fontClip_bank.png","sheet":"0123456789","name":"value","align":"center"},"compId":847}]},{"type":"HBox","props":{"y":101,"x":674,"width":112,"space":6,"rotation":0,"name":"diamond_box","height":55,"anchorY":0.5,"anchorX":0.5,"align":"middle"},"compId":957,"child":[{"type":"Image","props":{"width":45,"skin":"game/img_bankdiamond.png","name":"icon","height":45},"compId":958},{"type":"FontClip","props":{"y":10.5,"x":0,"width":104,"value":"9999","spaceX":-6,"skin":"game/fontClip_bank.png","sheet":"0123456789","name":"value","height":38,"align":"center"},"compId":959}]},{"type":"Script","props":{"y":-38,"x":-146,"runtime":"components/Button.ts"},"compId":873}]},{"type":"Label","props":{"y":78,"x":530,"text":"xxx的农场","name":"friend_name","fontSize":60,"font":"Microsoft YaHei","color":"#755037","bold":true,"anchorX":0.5},"compId":907}]},{"type":"Label","props":{"y":27,"x":431,"visible":false,"text":"00:00","name":"count_down","fontSize":60,"font":"Microsoft YaHei","color":"#755037","bold":true,"anchorX":0.5},"compId":910}]},{"type":"Box","props":{"x":-13,"width":1162,"name":"bottom_box","height":289,"bottom":0},"compId":243,"child":[{"type":"Image","props":{"y":123,"x":15,"skin":"main_scene/img_menuWoodBg.png"},"compId":335},{"type":"Image","props":{"zOrder":1,"y":167,"x":169,"skin":"main_scene/img_daytimeTask.png","name":"task","anchorY":0.5,"anchorX":0.5},"compId":117,"child":[{"type":"Script","props":{"isScale":true,"runtime":"components/Button.ts"},"compId":122},{"type":"Image","props":{"y":10,"x":132,"visible":false,"skin":"game/img_readTag.png","name":"red"},"compId":973,"child":[{"type":"Script","props":{"redDotType":"task","runtime":"components/RedDotComponent.ts"},"compId":976}]}]},{"type":"Image","props":{"y":167,"x":362,"skin":"main_scene/img_order.png","name":"order_box","anchorY":0.5,"anchorX":0.5},"compId":233,"child":[{"type":"Script","props":{"isScale":true,"runtime":"components/Button.ts"},"compId":234},{"type":"Image","props":{"y":10,"x":132,"visible":false,"skin":"game/img_readTag.png","name":"red"},"compId":981,"child":[{"type":"Script","props":{"redDotType":"order","runtime":"components/RedDotComponent.ts"},"compId":982}]}]},{"type":"Image","props":{"zOrder":1,"y":167,"x":939,"skin":"main_scene/img_steelVegetable.png","name":"any_door","anchorY":0.5,"anchorX":0.5},"compId":241,"child":[{"type":"Script","props":{"isScale":true,"runtime":"components/Button.ts"},"compId":242},{"type":"Image","props":{"y":-3,"x":102,"visible":false,"skin":"game/img_readTag.png","name":"red"},"compId":971,"child":[{"type":"Script","props":{"redDotType":"anyDoor","runtime":"components/RedDotComponent.ts"},"compId":979}]}]},{"type":"Image","props":{"y":-59,"x":-10,"width":689,"skin":"main_scene/img_taskBg2.png","rotation":0,"name":"msg_box","height":86,"sizeGrid":"0,82,0,31"},"compId":244,"child":[{"type":"Image","props":{"y":34,"skin":"main_scene/img_coinBtn.png","right":-24,"name":"icon","anchorY":0.5,"anchorX":0.5},"compId":274,"child":[{"type":"FontClip","props":{"y":73,"x":37,"value":"x100","spaceX":-8,"skin":"main_scene/fontClip_coinBtnNumber.png","sheet":"0123456789x","name":"amountFont","anchorY":0.5,"anchorX":0.5,"align":"center"},"compId":273}]},{"type":"Label","props":{"y":24,"x":33,"text":"任务：辣椒(3/10) 胡萝卜(10/10)","name":"lb","fontSize":38,"font":"Microsoft YaHei","color":"#906344","bold":true},"compId":276}]},{"type":"Image","props":{"zOrder":1,"y":171,"x":936,"width":136,"skin":"game/img_goHome.png","name":"go_home","height":146,"anchorY":0.5,"anchorX":0.5},"compId":875,"child":[{"type":"Script","props":{"isScale":true,"runtime":"components/Button.ts"},"compId":876}]},{"type":"Image","props":{"y":-51,"x":134,"skin":"game/img_energyBarBg.png","name":"vitality_box"},"compId":877,"child":[{"type":"Image","props":{"y":5,"x":6,"width":268,"skin":"game/img_energyBar.png","name":"bar","height":46,"sizeGrid":"0,26,0,26"},"compId":878},{"type":"Image","props":{"y":29,"x":347,"skin":"game/img_addEnergytnm.png","name":"add_vitality","anchorY":0.5,"anchorX":0.5},"compId":879,"child":[{"type":"Script","props":{"isScale":true,"runtime":"components/Button.ts"},"compId":880}]},{"type":"Image","props":{"y":5.5,"x":-113,"skin":"game/img_energy.png"},"compId":881},{"type":"Label","props":{"y":31,"x":140,"text":"10/10","name":"bar_num","fontSize":36,"color":"#ffffff","bold":true,"anchorY":0.5,"anchorX":0.5},"compId":990}]},{"type":"Image","props":{"y":141,"x":554,"skin":"main_scene/img_friend.png","name":"friends","anchorY":0.5,"anchorX":0.5},"compId":237,"child":[{"type":"Script","props":{"isScale":true,"runtime":"components/Button.ts"},"compId":238},{"type":"Image","props":{"y":-4,"x":189,"visible":false,"skin":"game/img_readTag.png","name":"red"},"compId":975,"child":[{"type":"Script","props":{"redDotType":"friend","runtime":"components/RedDotComponent.ts"},"compId":977}]}]},{"type":"Image","props":{"y":120,"x":633,"width":328,"skin":"main_scene/img_notReceived.png","pivotY":166,"pivotX":81,"name":"reward_share_guide","mouseEnabled":true,"height":191},"compId":970},{"type":"Image","props":{"zOrder":1,"y":167,"x":747,"skin":"main_scene/img_emailMenu.png","name":"mail","anchorY":0.5,"anchorX":0.5},"compId":239,"child":[{"type":"Script","props":{"isScale":true,"runtime":"components/Button.ts"},"compId":240},{"type":"Image","props":{"y":-1,"x":112,"visible":false,"skin":"game/img_readTag.png","name":"red"},"compId":974,"child":[{"type":"Script","props":{"redDotType":"mail","runtime":"components/RedDotComponent.ts"},"compId":978}]}]}]},{"type":"Box","props":{"visible":true,"top":0,"right":0,"name":"add_land_layer","mouseEnabled":true,"left":0,"bottom":0},"compId":316,"child":[{"type":"Image","props":{"top":0,"skin":"game/img_shield.png","right":0,"name":"bg","left":0,"bottom":0,"alpha":0.75,"sizeGrid":"2,2,2,2"},"compId":332},{"type":"Image","props":{"y":1010,"x":540,"skin":"res/img_popUpBgMain.png","mouseEnabled":true,"centerY":50,"centerX":0,"anchorY":0.5,"anchorX":0.5},"compId":317,"child":[{"type":"Image","props":{"y":110,"x":131,"skin":"main_scene/img_greenLand.png"},"compId":322},{"type":"Image","props":{"y":652,"x":654,"skin":"main_scene/img_videoBtn.png","name":"ad_btn","anchorY":0.5,"anchorX":0.5},"compId":324,"child":[{"type":"Script","props":{"isScale":true,"runtime":"components/Button.ts"},"compId":325}]},{"type":"Label","props":{"y":543,"x":458,"text":"扩建土地种植更多蔬菜","fontSize":48,"font":"Microsoft YaHei","color":"#906344","bold":true,"anchorY":0.5,"anchorX":0.5},"compId":323},{"type":"Image","props":{"y":-115.5,"x":164.5,"skin":"res/img_woodtitle.png"},"compId":318},{"type":"Image","props":{"y":22,"x":870,"skin":"game/img_x.png","name":"closeAddLandLayer","anchorY":0.5,"anchorX":0.5},"compId":319,"child":[{"type":"Script","props":{"isScale":true,"runtime":"components/Button.ts"},"compId":320},{"type":"Circle","props":{"y":41.5,"x":41,"renderType":"hit","radius":77,"lineWidth":1,"fillColor":"#ff0000"},"compId":321}]},{"type":"Image","props":{"y":651,"x":268,"skin":"game/img_buybtm.png","name":"cost_gold","anchorY":0.5,"anchorX":0.5},"compId":326,"child":[{"type":"HBox","props":{"y":46,"x":160,"space":4,"anchorY":0.5,"anchorX":0.5,"align":"middle"},"compId":329,"child":[{"type":"Image","props":{"x":0,"skin":"game/img_coins.png"},"compId":327},{"type":"FontClip","props":{"value":"1000","skin":"game/fontClip_price.png","sheet":"0123456789"},"compId":331}]},{"type":"Script","props":{"isScale":true,"runtime":"components/Button.ts"},"compId":333}]},{"type":"Image","props":{"y":-41,"x":295,"skin":"game/img_expand.png"},"compId":835}]}]},{"type":"Image","props":{"top":0,"right":0,"name":"upLayer","mouseEnabled":true,"left":0,"bottom":0},"compId":496,"child":[{"type":"Image","props":{"y":0,"x":0,"top":0,"skin":"game/img_shield.png","right":0,"name":"bg","left":0,"bottom":0,"alpha":0.75,"sizeGrid":"2,2,2,2"},"compId":497},{"type":"Box","props":{"width":1083,"name":"land_outer","height":1149,"centerY":0,"centerX":0},"compId":582,"child":[{"type":"Image","props":{"y":1099,"x":541,"skin":"game/img_x.png","name":"close_up","mouseEnabled":true,"anchorY":0.5,"anchorX":0.5},"compId":830,"child":[{"type":"Circle","props":{"y":41.5,"x":41,"renderType":"hit","radius":80,"lineWidth":1,"fillColor":"#ff0000"},"compId":831},{"type":"Script","props":{"isScale":true,"runtime":"components/Button.ts"},"compId":832}]}]}]},{"type":"Image","props":{"y":672,"x":968,"width":164,"skin":"game/img_guidHand.png","pivotY":131,"pivotX":108,"name":"hand","height":198},"compId":961},{"type":"Box","props":{"zOrder":999,"top":0,"right":0,"name":"topLayer","left":0,"bottom":0},"compId":837,"child":[{"type":"Box","props":{"top":0,"right":0,"name":"guide_box","left":0,"bottom":0},"compId":986,"child":[{"type":"Image","props":{"y":0,"x":0,"top":0,"text":"这里是您的农场。种植、收获都在这里,悄销告诉彻这块地收英的时候可能会产出洁石哦。","skin":"game/img_shield.png","right":0,"name":"bg","left":0,"bottom":0,"alpha":0.75,"sizeGrid":"2,2,2,2"},"compId":985},{"type":"Box","props":{"y":0,"x":0,"top":0,"right":0,"name":"node_box","mouseEnabled":true,"left":0,"bottom":0},"compId":983},{"type":"Image","props":{"y":1067,"x":596,"width":164,"skin":"game/img_guidHand.png","pivotY":131,"pivotX":108,"name":"hand","height":198},"compId":984},{"type":"Label","props":{"y":903,"x":506,"wordWrap":true,"width":408,"text":"点这里开始播种","name":"hint_lb","leading":26,"height":49,"fontSize":49,"font":"Microsoft YaHei","color":"#ffffff","bold":true,"anchorY":1,"anchorX":0.5},"compId":991},{"type":"Script","props":{"nodeBox":"@node:983","hintLb":"@node:991","guideHand":"@node:984","bg":"@node:985","runtime":"components/GuideComponent.ts"},"compId":988}]}]}],"loadList":["scenes/prefab/GetReward.prefab","scenes/prefab/FloatRewardIcon.prefab","res/img_homepageBg1.png","res/img_homepageBg3.png","res/img_homepageBg2.png","res/img_landBg.png","main_scene/img_dogHouse.png","main_scene/img_landUpdate.png","main_scene/img_storehouseBuilding.png","main_scene/img_marketBuilding.png","main_scene/img_bowlWithFood.png","main_scene/img_ongkeyGet.png","scenes/prefab/FieldPrefab.prefab","scenes/prefab/FieldPrefab.prefab","main_scene/img_progressBarBg.png","main_scene/img_dogProgress.png","main_scene/img_dialogBg.png","main_scene/img_dialogBg2.png","main_scene/img_portraitBg.png","main_scene/img_coinbg.png","main_scene/img_money.png","main_scene/fontClip_moneyNum.png","main_scene/img_coin.png","main_scene/fontClip_head.png","main_scene/img_diamond.png","main_scene/fontClip_addNum.png","main_scene/img_defaultPortrait.png","main_scene/img_portrait.png","main_scene/img_taskbg.png","main_scene/img_headBarBg.png","main_scene/img_headBar.png","game/img_bankdiamond.png","game/fontClip_bank.png","main_scene/img_menuWoodBg.png","main_scene/img_daytimeTask.png","game/img_readTag.png","main_scene/img_order.png","main_scene/img_steelVegetable.png","main_scene/img_taskBg2.png","main_scene/img_coinBtn.png","main_scene/fontClip_coinBtnNumber.png","game/img_goHome.png","game/img_energyBarBg.png","game/img_energyBar.png","game/img_addEnergytnm.png","game/img_energy.png","main_scene/img_friend.png","main_scene/img_notReceived.png","main_scene/img_emailMenu.png","game/img_shield.png","res/img_popUpBgMain.png","main_scene/img_greenLand.png","main_scene/img_videoBtn.png","res/img_woodtitle.png","game/img_x.png","game/img_buybtm.png","game/img_coins.png","game/fontClip_price.png","game/img_expand.png","game/img_guidHand.png"],"loadList3D":[]}