{"type":"View","props":{"y":0,"x":0,"width":1080,"top":0,"right":0,"mouseEnabled":true,"left":0,"height":1920,"bottom":0},"compId":2,"child":[{"type":"Image","props":{"top":0,"skin":"game/img_shield.png","right":0,"name":"bg","left":0,"bottom":0,"alpha":0.75,"sizeGrid":"2,2,2,2"},"compId":37},{"type":"Image","props":{"x":538,"width":1082,"skin":"res/img_popUpBg.png","name":"box","mouseEnabled":true,"height":1182,"bottom":0,"anchorY":1,"anchorX":0.5},"compId":38,"child":[{"type":"Image","props":{"y":-115.5,"x":254,"skin":"res/img_woodtitle.png"},"compId":39,"child":[{"type":"Image","props":{"y":74.5,"x":132.5,"skin":"game/img_reward.png"},"compId":40}]},{"type":"Image","props":{"y":24,"x":1029,"skin":"game/img_x.png","name":"close","mouseEnabled":true,"anchorY":0.5,"anchorX":0.5},"compId":41,"child":[{"type":"Script","props":{"isScale":true,"runtime":"components/Button.ts"},"compId":42},{"type":"Circle","props":{"y":41.5,"x":41,"renderType":"hit","radius":72,"lineWidth":1,"fillColor":"#ff0000"},"compId":43}]},{"type":"List","props":{"y":269,"x":43,"width":1003,"spaceY":20,"repeatY":4,"repeatX":1,"height":896},"compId":53,"child":[{"type":"Image","props":{"x":-0.5,"skin":"game/img_listBg.png","renderType":"render","mouseEnabled":true,"sizeGrid":"0,133,0,138"},"compId":52,"child":[{"type":"Image","props":{"y":138,"x":819,"skin":"game/img_presentOrder.png","name":"btn","anchorY":0.5,"anchorX":0.5},"compId":45,"child":[{"type":"Script","props":{"isScale":true,"runtime":"components/Button.ts"},"compId":56}]},{"type":"HBox","props":{"y":64,"x":707,"width":189.8984375,"space":20,"rotation":0,"name":"reward_box","height":55,"anchorY":0.5,"align":"none"},"compId":47,"child":[{"type":"Image","props":{"width":55,"skin":"game/img_bankdiamond.png","name":"icon","height":55},"compId":46},{"type":"Label","props":{"y":6,"x":77,"text":"+100","name":"value","fontSize":44,"font":"Microsoft YaHei","color":"#5A3F2A","bold":true},"compId":48}]},{"type":"HBox","props":{"y":146,"x":707,"width":189.8984375,"space":20,"rotation":0,"name":"reward_box_diamond","height":55,"anchorY":0.5,"align":"none"},"compId":95,"child":[{"type":"Image","props":{"width":55,"skin":"game/img_bankdiamond.png","name":"icon","height":55},"compId":96},{"type":"Label","props":{"y":6,"x":77,"text":"+100","name":"value","fontSize":44,"font":"Microsoft YaHei","color":"#5A3F2A","bold":true},"compId":97}]},{"type":"Image","props":{"skin":"game/img_orderLevelBg.png","name":"lv_box"},"compId":59},{"type":"Label","props":{"y":12,"x":72,"text":"999级订单","name":"order_lv","fontSize":26,"font":"Microsoft YaHei","color":"#D13210","bold":true,"anchorX":0.5},"compId":51},{"type":"Image","props":{"y":0,"x":21,"skin":"game/img_currentOrde.png","name":"cur_icon"},"compId":98},{"type":"Box","props":{"y":61,"x":72,"width":100,"name":"item_0","height":100},"compId":60,"child":[{"type":"Image","props":{"y":22,"x":50,"width":52,"name":"icon","height":56,"anchorY":0.5,"anchorX":0.5},"compId":61},{"type":"Image","props":{"y":54,"x":3,"skin":"main_scene/img_headBarBg.png"},"compId":62},{"type":"Image","props":{"y":56,"x":5,"width":87,"skin":"main_scene/img_headBar.png","name":"bar","height":12,"sizeGrid":"0,6,0,4"},"compId":63},{"type":"Label","props":{"y":77,"x":51,"text":"9/10","name":"num","fontSize":34,"color":"#755037","bold":true,"anchorX":0.5},"compId":64}]},{"type":"Box","props":{"y":61,"x":218,"width":100,"name":"item_1","height":100},"compId":65,"child":[{"type":"Image","props":{"y":22,"x":50,"width":52,"name":"icon","height":56,"anchorY":0.5,"anchorX":0.5},"compId":83},{"type":"Image","props":{"y":54,"x":3,"skin":"main_scene/img_headBarBg.png"},"compId":84},{"type":"Image","props":{"y":56,"x":5,"width":87,"skin":"main_scene/img_headBar.png","name":"bar","height":12,"sizeGrid":"0,6,0,4"},"compId":85},{"type":"Label","props":{"y":77,"x":51,"text":"9/10","name":"num","fontSize":34,"color":"#755037","bold":true,"anchorX":0.5},"compId":86}]},{"type":"Box","props":{"y":61,"x":365,"width":100,"name":"item_2","height":100},"compId":70,"child":[{"type":"Image","props":{"y":22,"x":50,"width":52,"name":"icon","height":56,"anchorY":0.5,"anchorX":0.5},"compId":87},{"type":"Image","props":{"y":54,"x":3,"skin":"main_scene/img_headBarBg.png"},"compId":88},{"type":"Image","props":{"y":56,"x":5,"width":87,"skin":"main_scene/img_headBar.png","name":"bar","height":12,"sizeGrid":"0,6,0,4"},"compId":89},{"type":"Label","props":{"y":77,"x":51,"text":"9/10","name":"num","fontSize":34,"color":"#755037","bold":true,"anchorX":0.5},"compId":90}]},{"type":"Box","props":{"y":61,"x":511,"width":100,"name":"item_3","height":100},"compId":75,"child":[{"type":"Image","props":{"y":22,"x":50,"width":52,"name":"icon","height":56,"anchorY":0.5,"anchorX":0.5},"compId":91},{"type":"Image","props":{"y":54,"x":3,"skin":"main_scene/img_headBarBg.png"},"compId":92},{"type":"Image","props":{"y":56,"x":5,"width":87,"skin":"main_scene/img_headBar.png","name":"bar","height":12,"sizeGrid":"0,6,0,4"},"compId":93},{"type":"Label","props":{"y":77,"x":51,"text":"9/10","name":"num","fontSize":34,"color":"#755037","bold":true,"anchorX":0.5},"compId":94}]},{"type":"Image","props":{"y":39,"x":576,"skin":"game/img_accomplished.png","name":"finish"},"compId":99},{"type":"Image","props":{"y":109.5,"x":819,"skin":"game/img_get.png","name":"receive_btn","anchorY":0.5,"anchorX":0.5},"compId":100,"child":[{"type":"Script","props":{"isScale":true,"runtime":"components/Button.ts"},"compId":101}]}]}]},{"type":"HBox","props":{"y":137,"x":568,"rotation":0,"name":"desc","height":71,"anchorX":0.5},"compId":81,"child":[{"type":"Label","props":{"y":13,"text":"再完成10单可获得","fontSize":50,"font":"Microsoft YaHei","color":"#5A3F2A","bold":true},"compId":58},{"type":"Label","props":{"y":-19,"text":"0.1","fontSize":90,"font":"Microsoft YaHei","color":"#D23210","bold":true},"compId":57},{"type":"Label","props":{"y":13,"text":"钻石","fontSize":50,"font":"Microsoft YaHei","color":"#5A3F2A","bold":true},"compId":82}]}]},{"type":"Script","props":{"content":"@node:38","bg":"@node:37","runtime":"components/ViewShowAni.ts"},"compId":55},{"type":"Script","props":{"topDesc":"@node:81","orderList":"@node:53","btnResCur":"game/img_presentOrder.png","btnLockRes":"game/img_lockedOrder.png","runtime":"view/OrderView.ts"},"compId":80}],"loadList":["game/img_shield.png","res/img_popUpBg.png","res/img_woodtitle.png","game/img_reward.png","game/img_x.png","game/img_listBg.png","game/img_presentOrder.png","game/img_bankdiamond.png","game/img_orderLevelBg.png","game/img_currentOrde.png","main_scene/img_headBarBg.png","main_scene/img_headBar.png","game/img_accomplished.png","game/img_get.png","game/img_lockedOrder.png"],"loadList3D":[]}