{"type":"View","props":{"width":1080,"top":0,"right":0,"mouseEnabled":true,"left":0,"height":1920,"bottom":0},"compId":2,"child":[{"type":"Box","props":{"y":-1210,"x":-987,"width":2799,"name":"left","height":4209,"anchorX":0.5},"compId":15,"child":[{"type":"Image","props":{"y":1289,"x":884,"width":1501,"skin":"load/img_cloud1.png","height":1030},"compId":13},{"type":"Image","props":{"y":923,"width":1702,"skin":"load/img_cloud4.png","height":1917},"compId":5},{"type":"Image","props":{"y":2794,"x":2822,"width":1791,"skin":"load/img_cloud3.png","rotation":159,"height":1210},"compId":6},{"type":"Image","props":{"y":2079,"x":555,"width":2007,"skin":"load/img_cloud4.png","height":1925},"compId":8},{"type":"Image","props":{"y":-38.5,"x":580,"width":2037,"skin":"load/img_cloud4.png","height":1923,"alpha":1},"compId":14}]},{"type":"Box","props":{"y":-1392,"x":1025,"name":"right"},"compId":16,"child":[{"type":"Image","props":{"y":2587,"x":-201,"width":2437,"skin":"load/img_cloud2.png","height":1544},"compId":3},{"type":"Image","props":{"y":914,"x":-110,"width":2037,"skin":"load/img_cloud4.png","height":1923,"alpha":1},"compId":10},{"type":"Image","props":{"y":1824,"x":1311,"width":1850,"skin":"load/img_cloud1.png","height":1273},"compId":11},{"type":"Image","props":{"y":2257,"x":81,"width":2101,"skin":"load/img_cloud4.png","height":1383},"compId":12},{"type":"Image","props":{"y":-397,"x":-201,"width":2278,"skin":"load/img_cloud2.png","rotation":14,"height":1974},"compId":7}]},{"type":"Script","props":{"rightBox":"@node:16","leftBox":"@node:15","runtime":"view/OverView.ts"},"compId":17}],"loadList":["load/img_cloud1.png","load/img_cloud4.png","load/img_cloud3.png","load/img_cloud2.png"],"loadList3D":[]}