{"type":"View","props":{"width":1080,"top":0,"right":0,"left":0,"height":1920,"bottom":0},"compId":2,"child":[{"type":"Image","props":{"top":0,"skin":"game/img_shield.png","right":0,"name":"bg","left":0,"bottom":0,"alpha":0.75,"sizeGrid":"2,2,2,2"},"compId":3},{"type":"Box","props":{"width":975,"height":1288,"centerY":22,"centerX":5},"compId":6,"child":[{"type":"Image","props":{"y":-5,"x":-6,"width":981,"skin":"res/img_storebg.png","name":"bg","height":1293,"sizeGrid":"213,169,243,172"},"compId":4},{"type":"Image","props":{"y":-134,"x":189,"skin":"res/img_woodtitle.png"},"compId":5},{"type":"Image","props":{"y":3,"x":920,"skin":"game/img_x.png","name":"close","anchorY":0.5,"anchorX":0.5},"compId":7,"child":[{"type":"Script","props":{"isScale":true,"runtime":"components/Button.ts"},"compId":8},{"type":"Circle","props":{"y":41.5,"x":41,"renderType":"hit","radius":92,"lineWidth":1,"fillColor":"#ff0000"},"compId":9}]},{"type":"Image","props":{"y":-58.5,"x":403,"skin":"game/img_setting.png"},"compId":12},{"type":"Box","props":{"y":156,"x":130,"name":"top"},"compId":31,"child":[{"type":"Image","props":{"y":-47,"x":-87,"width":884,"skin":"game/img_window.png","height":447,"sizeGrid":"41,59,42,52"},"compId":13},{"type":"Image","props":{"y":69,"x":69,"width":94,"skin":"main_scene/img_defaultPortrait.png","name":"avater","height":92,"anchorY":0.5,"anchorX":0.5},"compId":17},{"type":"Image","props":{"skin":"main_scene/img_portrait.png","name":"head"},"compId":16},{"type":"Label","props":{"y":52,"x":157,"text":"江洋大道","strokeColor":"#9D682F","stroke":2,"name":"nickname","fontSize":50,"font":"Microsoft YaHei","color":"#ffffff"},"compId":18},{"type":"Label","props":{"y":88,"x":162,"visible":false,"text":"ID:1234","strokeColor":"#9D682F","stroke":2,"name":"id","fontSize":36,"font":"Microsoft YaHei","color":"#ffffff"},"compId":19},{"type":"Box","props":{"y":257,"x":20,"name":"music","mouseEnabled":true},"compId":26,"child":[{"type":"Image","props":{"y":9,"skin":"game/img_music.png"},"compId":23},{"type":"Image","props":{"y":9,"x":142,"skin":"game/img_switchOn.png","name":"box"},"compId":25,"child":[{"type":"Image","props":{"y":-9,"x":-14,"skin":"game/img_musicOnBtn.png","name":"icon"},"compId":24}]}]},{"type":"Box","props":{"y":257,"x":430,"name":"sound","mouseEnabled":true},"compId":27,"child":[{"type":"Image","props":{"y":9,"skin":"game/img_sound.png"},"compId":28},{"type":"Image","props":{"y":9,"x":142,"skin":"game/img_switchOn.png","name":"box"},"compId":29,"child":[{"type":"Image","props":{"y":-9,"x":-14,"skin":"game/img_soundOnBtn.png","name":"icon"},"compId":30}]}]},{"type":"HBox","props":{"y":151,"x":162,"space":50},"compId":66,"child":[{"type":"Image","props":{"y":25,"x":507,"skin":"game/img_copyBtn.png","name":"copy_btn","anchorY":0.5,"anchorX":0.5},"compId":21,"child":[{"type":"Script","props":{"isScale":true,"runtime":"components/Button.ts"},"compId":22}]},{"type":"Label","props":{"y":10,"text":"邀请码：123456789","strokeColor":"#9D682F","stroke":2,"name":"code","fontSize":36,"font":"Microsoft YaHei","color":"#ffffff"},"compId":20}]}]},{"type":"Image","props":{"y":602,"x":130,"skin":"game/img_service.png","name":"customer","mouseEnabled":true},"compId":32,"child":[{"type":"Image","props":{"y":5.5,"x":672,"skin":"game/img_more.png"},"compId":33},{"type":"Rect","props":{"y":0,"x":0,"width":725,"renderType":"hit","lineWidth":1,"height":57,"fillColor":"#ff0000"},"compId":38},{"type":"Script","props":{"runtime":"components/Button.ts"},"compId":61}]},{"type":"Image","props":{"y":737,"x":130,"skin":"game/img_protcol.png","name":"user_agreement","mouseEnabled":true},"compId":42,"child":[{"type":"Image","props":{"y":5.5,"x":672,"skin":"game/img_more.png"},"compId":43},{"type":"Rect","props":{"y":0,"x":0,"width":725,"renderType":"hit","lineWidth":1,"height":57,"fillColor":"#ff0000"},"compId":44},{"type":"Script","props":{"runtime":"components/Button.ts"},"compId":58}]},{"type":"Image","props":{"y":871,"x":130,"skin":"game/img_privacy.png","name":"privacy","mouseEnabled":true},"compId":45,"child":[{"type":"Image","props":{"y":5.5,"x":672,"skin":"game/img_more.png"},"compId":46},{"type":"Rect","props":{"y":0,"x":0,"width":725,"renderType":"hit","lineWidth":1,"height":57,"fillColor":"#ff0000"},"compId":47},{"type":"Script","props":{"runtime":"components/Button.ts"},"compId":59}]},{"type":"Image","props":{"y":1006,"x":130,"skin":"game/img_aboutUs.png","name":"about","mouseEnabled":true},"compId":48,"child":[{"type":"Image","props":{"y":5.5,"x":672,"skin":"game/img_more.png"},"compId":49},{"type":"Rect","props":{"y":0,"x":0,"width":725,"renderType":"hit","lineWidth":1,"height":57,"fillColor":"#ff0000"},"compId":50},{"type":"Script","props":{"runtime":"components/Button.ts"},"compId":60}]},{"type":"Image","props":{"y":1139,"x":130,"skin":"game/img_quit.png","name":"sign_out","mouseEnabled":true},"compId":54,"child":[{"type":"Image","props":{"y":5.5,"x":672,"skin":"game/img_more.png"},"compId":55},{"type":"Rect","props":{"y":0,"x":0,"width":725,"renderType":"hit","lineWidth":1,"height":57,"fillColor":"#ff0000"},"compId":56},{"type":"Script","props":{"runtime":"components/Button.ts"},"compId":62}]}]},{"type":"Script","props":{"userKey":"@node:20","soundNode":"@node:27","nickname":"@node:18","musicNode":"@node:26","avatarNode":"@node:17","runtime":"view/SettingView.ts"},"compId":10},{"type":"Script","props":{"content":"@node:6","bg":"@node:3","aniType":"scaleShow","runtime":"components/ViewShowAni.ts"},"compId":11}],"loadList":["game/img_shield.png","res/img_storebg.png","res/img_woodtitle.png","game/img_x.png","game/img_setting.png","game/img_window.png","main_scene/img_defaultPortrait.png","main_scene/img_portrait.png","game/img_music.png","game/img_switchOn.png","game/img_musicOnBtn.png","game/img_sound.png","game/img_soundOnBtn.png","game/img_copyBtn.png","game/img_service.png","game/img_more.png","game/img_protcol.png","game/img_privacy.png","game/img_aboutUs.png","game/img_quit.png"],"loadList3D":[]}