{"type":"View","props":{"width":1080,"top":0,"right":0,"left":0,"height":1920,"btnList":"@arr:,,","bottom":0},"compId":2,"child":[{"type":"Script","props":{"vitalityMax":"@node:226","seedDesc":"@node:46","proportion":"@node:159","priceList":"@node:172","petName":"@node:112","petIcon":"@node:241","petDesc":"@node:114","petBuyBtn":"@node:92","petButBtn":"@node:92","matureTime":"@node:188","matureGainBox":"@node:192","lockBtnBox":"@node:210","itemList":"@node:86","itemBuyBtn":"@node:41","intType":"@node:8","img":"@node:21","goWatch":"@node:233","goRest":"@node:235","feedDesc":"@node:224","feedBuyBtn":"@node:218","diamondFont":"@node:157","descPriceBox":"@node:242","conditionBox":"@node:243","btnList":["@node:30","@node:32","@node:34","@node:36"],"btnBoxTop":"@node:38","bottomBox":"@node:40","alphaBg":"@node:21","runtime":"view/ShopView.ts"},"compId":10},{"type":"Image","props":{"top":0,"skin":"game/img_shield.png","sizeGrid":"1,1,1,1","right":0,"name":"bg","left":0,"bottom":0,"alpha":0.75},"compId":21},{"type":"Box","props":{"width":1028,"height":1740,"centerY":0,"centerX":0},"compId":19,"child":[{"type":"Image","props":{"y":198,"x":52,"width":921,"skin":"res/img_storebg.png","name":"bg","height":1512,"sizeGrid":"213,169,243,172"},"compId":26},{"type":"Image","props":{"y":213,"x":97,"width":836,"skin":"game/img_window.png","name":"btn_box","mouseEnabled":true,"height":299,"sizeGrid":"41,59,42,52"},"compId":38,"child":[{"type":"Image","props":{"x":213,"skin":"game/img-menunormal.png","name":"seed","mouseEnabled":true},"compId":30,"child":[{"type":"Image","props":{"y":133,"x":9.5,"skin":"game/img_seedsNormal.png"},"compId":31}]},{"type":"Image","props":{"x":326,"skin":"game/img-menunormal.png","name":"pet","mouseEnabled":true},"compId":32,"child":[{"type":"Image","props":{"y":133,"x":9.5,"skin":"game/img_petNormal.png"},"compId":33}]},{"type":"Image","props":{"x":440,"skin":"game/img-menunormal.png","name":"feed","mouseEnabled":true},"compId":34,"child":[{"type":"Image","props":{"y":133,"x":9.5,"skin":"game/img_foodnNormal.png"},"compId":35}]},{"type":"Image","props":{"x":553,"skin":"game/img-menunormal.png","name":"bank","mouseEnabled":true},"compId":36,"child":[{"type":"Image","props":{"y":133,"x":9.5,"skin":"game/img_bankNormal.png"},"compId":37}]}]},{"type":"Box","props":{"y":42,"x":9,"name":"top"},"compId":39,"child":[{"type":"Image","props":{"y":83,"skin":"res/img_housetop.png"},"compId":22},{"type":"Image","props":{"x":220,"skin":"res/img_woodtitle.png"},"compId":23},{"type":"Image","props":{"y":104,"x":513,"skin":"game/img_store.png","name":"title","anchorY":0.5,"anchorX":0.5},"compId":24},{"type":"Image","props":{"y":123,"x":926,"skin":"game/img_x.png","name":"close","mouseEnabled":true,"anchorY":0.5,"anchorX":0.5},"compId":25,"child":[{"type":"Script","props":{"isScale":true,"runtime":"components/Button.ts"},"compId":63},{"type":"Circle","props":{"y":41.5,"x":41,"renderType":"hit","radius":90,"lineWidth":1,"fillColor":"#ff0000"},"compId":183}]}]},{"type":"Box","props":{"y":1397,"x":71,"width":884,"name":"bottom","height":282},"compId":40,"child":[{"type":"Box","props":{"y":-853,"x":14,"visible":false,"name":"itemBox"},"compId":90,"child":[{"type":"Box","props":{"y":853,"x":100,"width":100,"name":"item_box","height":100},"compId":43,"child":[{"type":"List","props":{"y":-833,"x":-92,"width":836,"spaceY":30,"spaceX":28,"selectedIndex":0,"selectEnable":true,"repeatY":3,"repeatX":3,"name":"item_list","height":714,"gray":false},"compId":86,"child":[{"type":"Image","props":{"y":0,"x":0,"width":260,"skin":"game/img_petbagNormal.png","renderType":"render","name":"item","mouseEnabled":true,"height":260,"sizeGrid":"92,92,92,70"},"compId":49,"child":[{"type":"Label","props":{"y":49,"x":130,"text":"茄子","name":"name","fontSize":44,"font":"SimHei","color":"#906344","anchorY":0.5,"anchorX":0.5},"compId":51},{"type":"Image","props":{"y":143,"x":114,"skin":"game/img_nuts.png","name":"icon","anchorY":0.5,"anchorX":0.5},"compId":52},{"type":"HBox","props":{"y":222,"x":130,"space":10,"rotation":0,"name":"hbox","anchorY":0.5,"anchorX":0.5,"align":"middle"},"compId":56,"child":[{"type":"Image","props":{"width":45,"skin":"game/img_coins.png","name":"gold_icon","height":45},"compId":57},{"type":"FontClip","props":{"y":0,"x":0,"value":"10099","spaceX":-2,"skin":"game/fontClip_coin.png","sheet":"0123456789","name":"num"},"compId":58}]},{"type":"Image","props":{"y":140.5,"x":160,"skin":"game/img_locked.png","name":"lock_icon"},"compId":211}]}]},{"type":"Image","props":{"y":-172,"x":-105,"width":862,"skin":"game/img_cover.png","height":80,"sizeGrid":"0,28,0,23"},"compId":176},{"type":"Box","props":{"y":-53,"x":-77,"name":"plant_desc_box"},"compId":223,"child":[{"type":"Label","props":{"x":198,"wordWrap":true,"width":629,"text":"维生素，和膳食纤维","overflow":"hidden","name":"desc","leading":16,"height":41,"fontSize":38,"font":"Microsoft YaHei","color":"#906344"},"compId":46},{"type":"Label","props":{"wordWrap":true,"width":207,"text":"营养价值：成熟时间：预计收获：","overflow":"hidden","name":"title","leading":28,"height":194,"fontSize":38,"font":"Microsoft YaHei","color":"#906344"},"compId":187},{"type":"Label","props":{"y":67,"x":199,"wordWrap":true,"width":629,"text":"10分钟30秒","overflow":"hidden","name":"time","leading":16,"height":41,"fontSize":38,"font":"Microsoft YaHei","color":"#906344"},"compId":188},{"type":"HBox","props":{"y":128,"x":195,"space":70,"name":"reward_box"},"compId":192,"child":[{"type":"HBox","props":{"y":0,"x":0,"name":"item_box"},"compId":189,"child":[{"type":"Image","props":{"width":40,"name":"icon","height":40},"compId":190},{"type":"Label","props":{"y":8,"x":40,"wordWrap":false,"text":"x2","overflow":"hidden","name":"count","leading":16,"fontSize":38,"font":"Microsoft YaHei","color":"#906344"},"compId":191}]},{"type":"HBox","props":{"y":0,"x":0,"name":"item_box"},"compId":195,"child":[{"type":"Image","props":{"width":40,"name":"icon","height":40},"compId":196},{"type":"Label","props":{"y":8,"x":40,"wordWrap":false,"text":"x2","overflow":"hidden","name":"count","leading":16,"fontSize":38,"font":"Microsoft YaHei","color":"#906344"},"compId":197}]},{"type":"HBox","props":{"y":0,"x":0,"name":"item_box"},"compId":198,"child":[{"type":"Image","props":{"width":40,"name":"icon","height":40},"compId":199},{"type":"Label","props":{"y":8,"x":40,"wordWrap":false,"text":"x2999","overflow":"hidden","name":"count","leading":16,"fontSize":38,"font":"Microsoft YaHei","color":"#906344"},"compId":200}]}]}]},{"type":"Label","props":{"y":23.5,"x":-77,"wordWrap":true,"width":629,"text":"维生素，和膳食纤维","overflow":"hidden","name":"feed_desc","leading":16,"height":41,"fontSize":38,"font":"Microsoft YaHei","color":"#906344"},"compId":224}]},{"type":"Box","props":{"y":1023,"x":35,"name":"plant_btn_box"},"compId":212,"child":[{"type":"Image","props":{"y":45,"x":389,"skin":"game/img_buybtm.png","name":"buy_btn","mouseEnabled":true,"anchorY":0.5,"anchorX":0.5},"compId":41,"child":[{"type":"Image","props":{"y":17,"x":103.5,"skin":"game/img_buy.png"},"compId":42},{"type":"Script","props":{"isScale":true,"runtime":"components/Button.ts"},"compId":182}]},{"type":"Box","props":{"width":796,"name":"lock_btn_box","height":140},"compId":210,"child":[{"type":"Image","props":{"y":47.5,"x":200,"skin":"game/img_buybtm.png","name":"unlock_buy","mouseEnabled":true,"anchorY":0.5,"anchorX":0.5},"compId":202,"child":[{"type":"Script","props":{"isScale":true,"runtime":"components/Button.ts"},"compId":204},{"type":"HBox","props":{"y":18.5,"x":141,"space":10,"name":"box","anchorX":0.5,"align":"middle"},"compId":206,"child":[{"type":"Image","props":{"width":55,"skin":"game/img_bankdiamond.png","name":"icon","height":55},"compId":203},{"type":"FontClip","props":{"value":"999","skin":"game/fontClip_price.png","sheet":"0123456789","name":"value"},"compId":207}]}]},{"type":"Image","props":{"y":46.5,"x":581,"skin":"game/img_unlockFree.png","name":"ad_unlock","anchorY":0.5,"anchorX":0.5},"compId":208,"child":[{"type":"Script","props":{"isScale":true,"runtime":"components/Button.ts"},"compId":209}]}]}]},{"type":"Image","props":{"y":1071,"x":415.5,"skin":"game/img_buybtm.png","name":"feed_buy","mouseEnabled":true,"anchorY":0.5,"anchorX":0.5},"compId":218,"child":[{"type":"Script","props":{"isScale":true,"runtime":"components/Button.ts"},"compId":219},{"type":"HBox","props":{"y":19,"x":160,"space":10,"name":"box","anchorX":0.5,"align":"middle"},"compId":220,"child":[{"type":"Image","props":{"width":55,"skin":"game/img_bankdiamond.png","name":"icon","height":55},"compId":221},{"type":"FontClip","props":{"value":"999","skin":"game/fontClip_price.png","sheet":"0123456789","name":"value"},"compId":222}]}]}]},{"type":"Box","props":{"y":-853,"x":14,"width":868,"visible":false,"name":"petBox","mouseEnabled":true,"height":1157},"compId":91,"child":[{"type":"Image","props":{"y":1071,"x":415,"width":320,"skin":"game/img_buybtm.png","name":"pet_btn","height":92,"anchorY":0.5,"anchorX":0.5},"compId":92,"child":[{"type":"HBox","props":{"y":46,"x":160,"space":10,"name":"btn_box","anchorY":0.5,"anchorX":0.5,"align":"middle"},"compId":128,"child":[{"type":"Image","props":{"skin":"game/img_coins.png","name":"icon"},"compId":125},{"type":"FontClip","props":{"value":"999","skin":"game/fontClip_price.png","sheet":"0123456789","name":"value"},"compId":126}]},{"type":"Script","props":{"isScale":true,"runtime":"components/Button.ts"},"compId":181}]},{"type":"Image","props":{"y":39,"x":121,"width":610,"skin":"game/img_petbagNormal.png","height":658,"sizeGrid":"92,92,92,70"},"compId":106},{"type":"Image","props":{"y":374,"x":121,"skin":"game/img_baclbtn.png","name":"left","anchorY":0.5,"anchorX":0.5},"compId":108,"child":[{"type":"Script","props":{"isScale":true,"runtime":"components/Button.ts"},"compId":109}]},{"type":"Image","props":{"y":374,"x":744,"width":110,"skin":"game/img_baclbtn.png","scaleX":-1,"name":"right","height":113,"anchorY":0.5,"anchorX":0.5},"compId":110,"child":[{"type":"Script","props":{"isScale":true,"runtime":"components/Button.ts"},"compId":111}]},{"type":"Image","props":{"y":627,"x":187,"skin":"game/img_getBack.png"},"compId":185},{"type":"Image","props":{"y":573,"x":187,"skin":"game/img_findThief.png"},"compId":184},{"type":"Image","props":{"y":517,"x":187,"skin":"game/img_upper Limit.png"},"compId":225},{"type":"FontClip","props":{"y":516,"x":360,"value":"0123456789","skin":"game/fontClip_coin.png","sheet":"0123456789","name":"vitality_max"},"compId":226},{"type":"Animation","props":{"y":199,"x":326,"width":185,"source":"res/dog_1001.atlas","name":"dog_ani","interval":150,"height":249,"autoPlay":true},"compId":241},{"type":"HBox","props":{"y":562,"x":360,"space":12,"name":"find_box"},"compId":119,"child":[{"type":"Image","props":{"skin":"game/img_star.png"},"compId":115},{"type":"Image","props":{"skin":"game/img_star.png"},"compId":116},{"type":"Image","props":{"skin":"game/img_star.png"},"compId":118},{"type":"Image","props":{"y":0,"x":0,"skin":"game/img_star.png"},"compId":228},{"type":"Image","props":{"y":0,"x":0,"skin":"game/img_star.png"},"compId":229}]},{"type":"HBox","props":{"y":619,"x":360,"space":12,"name":"back_box"},"compId":120,"child":[{"type":"Image","props":{"skin":"game/img_star.png"},"compId":121},{"type":"Image","props":{"skin":"game/img_star.png"},"compId":122},{"type":"Image","props":{"skin":"game/img_star.png"},"compId":123},{"type":"Image","props":{"y":0,"x":0,"skin":"game/img_halfstar.png"},"compId":124},{"type":"Image","props":{"y":0,"x":0,"skin":"game/img_star.png"},"compId":230}]},{"type":"Label","props":{"y":98,"x":424,"width":457,"text":"金毛寻回犬","name":"pet_name","leading":16,"height":60,"fontSize":46,"font":"SimHei","color":"#955942","bold":true,"anchorY":0.5,"anchorX":0.5,"align":"center"},"compId":112},{"type":"Label","props":{"y":764,"x":54,"wordWrap":true,"width":761,"text":"播种后约3小时成熟，每次可收获2份农作物。","overflow":"scroll","name":"pet_desc","leading":16,"height":197,"fontSize":44,"font":"SimHei","color":"#906344"},"compId":114},{"type":"Image","props":{"y":1071,"x":415,"skin":"game/img_garding.png","name":"go_watch","anchorY":0.5,"anchorX":0.5},"compId":233,"child":[{"type":"Script","props":{"isScale":true,"runtime":"components/Button.ts"},"compId":234}]},{"type":"Image","props":{"y":1071,"x":415,"skin":"game/img_rest.png","name":"go_rest","anchorY":0.5,"anchorX":0.5},"compId":235,"child":[{"type":"Script","props":{"isScale":true,"runtime":"components/Button.ts"},"compId":236}]}]},{"type":"Box","props":{"y":-853,"x":14,"width":868,"visible":false,"name":"bankBox","height":1157},"compId":129,"child":[{"type":"Image","props":{"y":12,"x":8,"width":840,"skin":"game/img_listBg.png","height":200,"sizeGrid":"0,133,0,138"},"compId":152},{"type":"Image","props":{"y":1069,"x":415,"width":320,"skin":"game/img_withdrawbtn.png","name":"withdraw_btn","height":92,"anchorY":0.5,"anchorX":0.5},"compId":130,"child":[{"type":"Image","props":{"y":19.5,"x":106.5,"skin":"game/img_withdraw.png"},"compId":173},{"type":"Script","props":{"isScale":true,"runtime":"components/Button.ts"},"compId":174}]},{"type":"Image","props":{"y":131,"x":62,"skin":"game/img_bankdiamond.png"},"compId":156},{"type":"Image","props":{"y":76,"x":844,"skin":"game/img_record.png","name":"record_btn","anchorY":0.5,"anchorX":1},"compId":158,"child":[{"type":"Script","props":{"isScale":true,"runtime":"components/Button.ts"},"compId":240}]},{"type":"Label","props":{"y":52,"x":58,"width":254,"text":"我的资产","name":"name","height":60,"fontSize":54,"font":"SimHei","color":"#5A3F2A","bold":true,"align":"left"},"compId":149},{"type":"List","props":{"y":257,"x":4,"width":850,"spaceY":10,"spaceX":18,"selectedIndex":-1,"selectEnable":true,"repeatY":2,"repeatX":3,"name":"price_list","height":414,"elasticEnabled":false},"compId":172,"child":[{"type":"Box","props":{"x":0,"width":273,"renderType":"render","height":181},"compId":231,"child":[{"type":"Image","props":{"y":12,"x":0,"skin":"game/img_pricenormal.png","name":"bg"},"compId":160},{"type":"Image","props":{"y":2,"x":117,"skin":"game/img_residue.png","name":"times_box"},"compId":177,"child":[{"type":"Label","props":{"y":7,"x":75,"text":"剩余1次","name":"times","fontSize":28,"font":"Microsoft YaHei","color":"#ffffff","bold":true,"anchorX":0.5,"align":"left"},"compId":178}]},{"type":"Label","props":{"y":63,"x":129,"text":"0.3元","name":"value","fontSize":60,"font":"Microsoft YaHei","color":"#D1330E","bold":true,"anchorX":0.5,"align":"left"},"compId":161}]}]},{"type":"HBox","props":{"y":139,"x":130},"compId":237,"child":[{"type":"FontClip","props":{"value":"12345","spaceX":-5,"skin":"game/fontClip_bank.png","sheet":"0123456789","name":"diamond"},"compId":157},{"type":"Label","props":{"x":0,"text":"=¥0元","name":"proportion","fontSize":36,"font":"SimHei","color":"#D1330E","bold":true,"align":"left"},"compId":159}]},{"type":"Box","props":{"y":764,"x":54,"name":"desc_box"},"compId":242,"child":[{"type":"Label","props":{"wordWrap":true,"width":761,"visible":true,"text":"1.土地升级后更高概率获得更多钻石","overflow":"scroll","name":"desc","leading":16,"height":69,"fontSize":44,"font":"SimHei","color":"#D1330E"},"compId":238},{"type":"Label","props":{"y":80,"x":0,"wordWrap":true,"width":797,"visible":true,"text":"2.为菜地加速、出售农作物都可获得钻石","overflow":"scroll","name":"desc","leading":16,"height":111,"fontSize":44,"font":"SimHei","color":"#D1330E"},"compId":239}]},{"type":"Box","props":{"y":670,"x":17.5,"visible":false,"name":"condition_box"},"compId":243,"child":[{"type":"Label","props":{"y":0,"x":0,"visible":true,"text":"提现条件：","name":"title","leading":16,"fontSize":60,"font":"SimHei","color":"#916443","bold":true},"compId":248},{"type":"HBox","props":{"y":90,"x":0,"width":418,"rotation":0,"name":"desc","height":60},"compId":246,"child":[{"type":"Label","props":{"y":0,"x":0,"visible":true,"text":"邀请","name":"lb1","leading":16,"fontSize":44,"font":"SimHei","color":"#916443"},"compId":245},{"type":"Label","props":{"y":0,"visible":true,"text":"3","name":"lb2","leading":16,"fontSize":44,"font":"SimHei","color":"#D1330E"},"compId":244},{"type":"Label","props":{"y":0,"visible":true,"text":"个好友即可提现","name":"lb3","leading":16,"fontSize":44,"font":"SimHei","color":"#916443"},"compId":247}]},{"type":"Image","props":{"y":66,"x":707,"skin":"game/img_done.png","name":"go_jump","anchorY":0.5,"anchorX":0.5},"compId":249,"child":[{"type":"Script","props":{"isScale":true,"runtime":"components/Button.ts"},"compId":250}]},{"type":"Image","props":{"y":151,"x":5,"width":440,"skin":"game/img_progressBarBg.png","name":"bar_box","height":30,"sizeGrid":"0,20,0,17"},"compId":251,"child":[{"type":"Image","props":{"y":2,"x":3,"width":434,"skin":"game/img_progressBa.png","name":"bar","height":26,"sizeGrid":"0,18,0,20"},"compId":252},{"type":"Label","props":{"y":-2,"x":215,"visible":true,"text":"3/3","name":"lb","leading":16,"fontSize":30,"font":"SimHei","color":"#ffffff","anchorX":0.5},"compId":256}]}]}]}]}]},{"type":"Script","props":{"content":"@node:19","bg":"@node:21","aniType":"scaleShow","runtime":"components/ViewShowAni.ts"},"compId":201}],"loadList":["game/img_shield.png","res/img_storebg.png","game/img_window.png","game/img-menunormal.png","game/img_seedsNormal.png","game/img_petNormal.png","game/img_foodnNormal.png","game/img_bankNormal.png","res/img_housetop.png","res/img_woodtitle.png","game/img_store.png","game/img_x.png","game/img_petbagNormal.png","game/img_nuts.png","game/img_coins.png","game/fontClip_coin.png","game/img_locked.png","game/img_cover.png","game/img_buybtm.png","game/img_buy.png","game/img_bankdiamond.png","game/fontClip_price.png","game/img_unlockFree.png","game/img_baclbtn.png","game/img_getBack.png","game/img_findThief.png","game/img_upper Limit.png","game/img_star.png","game/img_halfstar.png","game/img_garding.png","game/img_rest.png","game/img_listBg.png","game/img_withdrawbtn.png","game/img_withdraw.png","game/img_record.png","game/img_pricenormal.png","game/img_residue.png","game/fontClip_bank.png","game/img_done.png","game/img_progressBarBg.png","game/img_progressBa.png"],"loadList3D":[]}