{"type":"View","props":{"width":1080,"top":0,"right":0,"left":0,"height":1920,"bottom":0},"compId":2,"child":[{"type":"Image","props":{"y":30,"x":30,"top":0,"skin":"game/img_shield.png","right":0,"name":"bg","left":0,"bottom":0,"alpha":0.75,"sizeGrid":"2,2,2,2"},"compId":3},{"type":"Image","props":{"y":1040,"x":570,"skin":"res/img_popUpBgMain.png","mouseEnabled":true,"centerY":50,"centerX":0,"anchorY":0.5,"anchorX":0.5},"compId":4,"child":[{"type":"Image","props":{"y":-115.5,"x":164.5,"skin":"res/img_woodtitle.png"},"compId":8},{"type":"HTMLDivElement","props":{"y":109,"x":63,"wordWrap":true,"width":802,"valign":"middle","text":"center","name":"text","innerHTML":"<div style=\"width: 800;height: 600;line-height: 30px; font-size:42px;font-family:Microsoft YaHei;color: #906344;\">\n   <p><span>1.每天使用</span><span color='#d1330e'>6次全体加速</span><span>即可完成打卡</span></p>\n   <p><span>2.打卡中断后，打卡天数归零</span></p>\n   <p><span>3.打卡完成,直接奖励</span><span color='#d1330e'>现金红包</span><span>,直接存入钱包</span></p>\n   <p style=\"line-height: 30px;\">4.打卡天数累计,例如完成了5天打卡并获得红包后，再打卡并获得红包后，再打卡5天，即可完成10日打卡，获得更多奖励</p>\n</div>","height":596,"fontSize":50,"font":"Microsoft YaHei","color":"#5A3F2A","bold":true,"align":"center","runtime":"Laya.HTMLDivElement"},"compId":24},{"type":"Image","props":{"y":-37,"x":296,"skin":"game/img_rulesTitle.png"},"compId":9},{"type":"Image","props":{"y":53,"x":863,"skin":"game/img_x.png","name":"close","mouseEnabled":true,"anchorY":0.5,"anchorX":0.5},"compId":30,"child":[{"type":"Script","props":{"isScale":true,"runtime":"components/Button.ts"},"compId":31},{"type":"Circle","props":{"y":41.5,"x":41,"renderType":"hit","radius":72,"lineWidth":1,"fillColor":"#ff0000"},"compId":32}]}]},{"type":"Script","props":{"content":"@node:4","bg":"@node:3","aniType":"scaleShow","runtime":"components/ViewShowAni.ts"},"compId":23},{"type":"Script","props":{"runtime":"view/SignInDescView.ts"},"compId":33}],"loadList":["game/img_shield.png","res/img_popUpBgMain.png","res/img_woodtitle.png","game/img_rulesTitle.png","game/img_x.png"],"loadList3D":[]}