{"type":"View","props":{"y":0,"x":0,"width":1080,"top":0,"right":0,"mouseEnabled":true,"left":0,"height":1920,"bottom":0},"compId":2,"child":[{"type":"Image","props":{"top":0,"skin":"game/img_shield.png","right":0,"name":"bg","left":0,"bottom":0,"alpha":0.75,"sizeGrid":"2,2,2,2"},"compId":37},{"type":"Image","props":{"x":538,"width":1082,"skin":"res/img_popUpBg.png","name":"box","mouseEnabled":true,"height":881,"bottom":0,"anchorY":1,"anchorX":0.5},"compId":38,"child":[{"type":"Image","props":{"x":254,"top":-114,"skin":"res/img_woodtitle.png"},"compId":39,"child":[{"type":"Image","props":{"y":115,"x":293,"skin":"game/img_sign.png","name":"title","anchorY":0.5,"anchorX":0.5},"compId":40}]},{"type":"Image","props":{"x":1029,"top":-26,"skin":"game/img_x.png","name":"close","anchorY":0.5,"anchorX":0.5},"compId":41,"child":[{"type":"Script","props":{"runtime":"components/Button.ts"},"compId":42},{"type":"Circle","props":{"y":41.5,"x":41,"renderType":"hit","radius":72,"lineWidth":1,"fillColor":"#ff0000"},"compId":43}]},{"type":"Image","props":{"y":0,"x":149,"skin":"game/img_accomplish.png","name":"finish"},"compId":86},{"type":"List","props":{"y":389,"x":43,"width":1003,"spaceY":20,"repeatY":2,"repeatX":1,"height":443},"compId":53,"child":[{"type":"Image","props":{"y":0,"x":0,"skin":"game/img_listBg.png","renderType":"render","mouseEnabled":true,"sizeGrid":"0,133,0,138"},"compId":69,"child":[{"type":"Image","props":{"y":138,"x":819,"skin":"game/img_get.png","name":"get_btn","anchorY":0.5,"anchorX":0.5},"compId":71,"child":[{"type":"Script","props":{"isScale":true,"runtime":"components/Button.ts"},"compId":79}]},{"type":"Image","props":{"y":138,"x":38,"width":508,"skin":"game/img_progressBarBg.png","name":"bar_bg","sizeGrid":"0,20,0,17"},"compId":77},{"type":"Image","props":{"y":140,"x":41,"width":502,"skin":"game/img_progressBa.png","name":"bar","height":26,"sizeGrid":"0,18,0,20"},"compId":78},{"type":"HBox","props":{"y":57,"x":822,"space":20,"name":"reward_box","anchorY":0.5,"anchorX":0.5,"align":"none"},"compId":72,"child":[{"type":"Image","props":{"width":55,"skin":"game/img_bankdiamond.png","name":"icon","height":55},"compId":73},{"type":"Label","props":{"y":10,"x":75,"text":"+100","name":"amount","fontSize":44,"font":"Microsoft YaHei","color":"#5A3F2A","bold":true},"compId":85}]},{"type":"Label","props":{"y":51,"x":38,"text":"签到7天","name":"sign_days","fontSize":50,"font":"Microsoft YaHei","color":"#5A3F2A","bold":true},"compId":75}]}]},{"type":"Box","props":{"y":126,"x":42,"name":"top","mouseEnabled":true},"compId":68,"child":[{"type":"Image","props":{"y":36,"x":1040,"skin":"game/img_signRules.png","name":"desc_btn","mouseEnabled":true,"anchorY":0.5,"anchorX":1},"compId":62,"child":[{"type":"Script","props":{"isScale":true,"runtime":"components/Button.ts"},"compId":87}]},{"type":"Image","props":{"y":170,"x":0,"width":985,"skin":"game/img_progressBabg2.png","height":73,"sizeGrid":"0,40,0,40"},"compId":66,"child":[{"type":"Image","props":{"y":1,"x":5,"width":977,"skin":"game/img_progressBa2.png","name":"bar","height":68,"sizeGrid":"0,37,0,38"},"compId":67}]},{"type":"Label","props":{"y":106.5,"x":12,"text":"今日签到进度（使用4/6次全体回事）","name":"title_desc","fontSize":40,"font":"Microsoft YaHei","color":"#5A3F2A","bold":false},"compId":65},{"type":"HBox","props":{"y":-0.5,"x":286,"space":6},"compId":82,"child":[{"type":"Label","props":{"y":14.5,"text":"已经连续签到","name":"title","fontSize":48,"font":"Microsoft YaHei","color":"#5A3F2A","bold":true},"compId":63},{"type":"Label","props":{"y":0.5,"text":"4","name":"days","fontSize":80,"font":"Microsoft YaHei","color":"#E93636","bold":true},"compId":64},{"type":"Label","props":{"y":14,"x":0,"text":"天","name":"title","fontSize":48,"font":"Microsoft YaHei","color":"#5A3F2A","bold":true},"compId":83}]}]}]},{"type":"Script","props":{"signInProgressLb":"@node:64","signInProgressBar":"@node:67","signInList":"@node:53","progressDesc":"@node:65","finishIcon":"@node:86","runtime":"view/SignInView.ts"},"compId":80},{"type":"Script","props":{"content":"@node:38","bg":"@node:37","runtime":"components/ViewShowAni.ts"},"compId":81}],"loadList":["game/img_shield.png","res/img_popUpBg.png","res/img_woodtitle.png","game/img_sign.png","game/img_x.png","game/img_accomplish.png","game/img_listBg.png","game/img_get.png","game/img_progressBarBg.png","game/img_progressBa.png","game/img_bankdiamond.png","game/img_signRules.png","game/img_progressBabg2.png","game/img_progressBa2.png"],"loadList3D":[]}