{"type":"View","props":{"width":1080,"top":0,"right":0,"left":0,"height":1920,"bottom":0},"compId":2,"child":[{"type":"Image","props":{"y":10,"x":10,"top":0,"skin":"game/img_shield.png","sizeGrid":"1,1,1,1","right":0,"name":"bg","left":0,"bottom":0,"alpha":0.75},"compId":3},{"type":"Box","props":{"width":600,"rotation":0,"name":"center","mouseEnabled":true,"height":600,"centerY":-386,"centerX":0},"compId":5,"child":[{"type":"Image","props":{"y":-57.5,"x":-164,"skin":"res/img_popUpBgMain.png"},"compId":4},{"type":"Image","props":{"y":-172,"x":3,"skin":"res/img_woodtitle.png"},"compId":7},{"type":"Image","props":{"y":-96.5,"x":134.5,"skin":"game/img_speedUp.png"},"compId":8},{"type":"Image","props":{"y":-35,"x":708,"skin":"game/img_x.png","name":"close","mouseEnabled":true,"anchorY":0.5,"anchorX":0.5},"compId":9,"child":[{"type":"Script","props":{"isScale":true,"runtime":"components/Button.ts"},"compId":10},{"type":"Circle","props":{"y":41.5,"x":41,"renderType":"hit","radius":90,"lineWidth":1,"fillColor":"#ff0000"},"compId":11}]},{"type":"Image","props":{"y":222,"x":29,"skin":"game/img_tenMin.png"},"compId":12},{"type":"Image","props":{"y":516,"x":298,"skin":"game/img_speedUpBtn.png","name":"speed_up","anchorY":0.5,"anchorX":0.5},"compId":13,"child":[{"type":"Script","props":{"isScale":true,"runtime":"components/Button.ts"},"compId":18}]},{"type":"Label","props":{"y":312,"x":194,"text":"10分钟","name":"time","fontSize":100,"font":"Microsoft YaHei","color":"#906344","bold":true,"anchorY":0.5},"compId":14},{"type":"Label","props":{"y":136,"x":296.5,"text":"所有作物生长时间立减","name":"title","fontSize":40,"font":"Microsoft YaHei","color":"#906344","anchorY":0.5,"anchorX":0.5},"compId":15},{"type":"Label","props":{"y":619,"x":300,"text":"今日剩余10次","name":"times","fontSize":40,"font":"Microsoft YaHei","color":"#906344","anchorY":0.5,"anchorX":0.5},"compId":16}]},{"type":"Script","props":{"content":"@node:5","bg":"@node:3","aniType":"scaleShow","runtime":"components/ViewShowAni.ts"},"compId":6},{"type":"Script","props":{"timesLb":"@node:16","timeLb":"@node:14","speedUpBtn":"@node:13","runtime":"view/SpeedUpView.ts"},"compId":17}],"loadList":["game/img_shield.png","res/img_popUpBgMain.png","res/img_woodtitle.png","game/img_speedUp.png","game/img_x.png","game/img_tenMin.png","game/img_speedUpBtn.png"],"loadList3D":[]}