{"type":"View","props":{"y":0,"x":0,"width":1080,"top":0,"right":0,"mouseEnabled":true,"left":0,"height":1920,"bottom":0},"compId":2,"child":[{"type":"Image","props":{"top":0,"skin":"game/img_shield.png","right":0,"name":"bg","left":0,"bottom":0,"alpha":0.75,"sizeGrid":"2,2,2,2"},"compId":37},{"type":"Image","props":{"x":538,"width":1082,"skin":"res/img_popUpBg.png","name":"box","mouseEnabled":true,"height":821,"bottom":0,"anchorY":1,"anchorX":0.5},"compId":38,"child":[{"type":"Image","props":{"y":-115.5,"x":254,"skin":"res/img_woodtitle.png"},"compId":39,"child":[{"type":"Image","props":{"y":74.5,"x":132.5,"skin":"game/img_datatask.png"},"compId":40}]},{"type":"Image","props":{"y":24,"x":1029,"skin":"game/img_x.png","name":"close","anchorY":0.5,"anchorX":0.5},"compId":41,"child":[{"type":"Script","props":{"runtime":"components/Button.ts"},"compId":42},{"type":"Circle","props":{"y":41.5,"x":41,"renderType":"hit","radius":72,"lineWidth":1,"fillColor":"#ff0000"},"compId":43}]},{"type":"List","props":{"y":119,"x":43,"width":1003,"spaceY":20,"repeatY":3,"repeatX":1,"height":669},"compId":53,"child":[{"type":"Image","props":{"x":-0.5,"skin":"game/img_listBg.png","renderType":"render","mouseEnabled":true,"sizeGrid":"0,133,0,138"},"compId":52,"child":[{"type":"Image","props":{"y":49,"x":30,"skin":"game/img_barm.png","name":"icon"},"compId":44},{"type":"Image","props":{"y":138,"x":819,"skin":"game/img_done.png","name":"go_run","gray":false,"anchorY":0.5,"anchorX":0.5},"compId":45,"child":[{"type":"Script","props":{"isScale":true,"runtime":"components/Button.ts"},"compId":56}]},{"type":"HBox","props":{"y":57,"x":822,"space":20,"name":"reward","anchorY":0.5,"anchorX":0.5,"align":"none"},"compId":47,"child":[{"type":"Image","props":{"width":55,"skin":"game/img_bankdiamond.png","name":"icon","height":55},"compId":46},{"type":"Label","props":{"y":6,"x":77,"text":"+100","name":"amount","fontSize":44,"font":"Microsoft YaHei","color":"#5A3F2A","bold":true},"compId":48}]},{"type":"Label","props":{"y":51,"x":210,"text":"菜地收获10次","name":"title","fontSize":50,"font":"Microsoft YaHei","color":"#5A3F2A","bold":true},"compId":49},{"type":"Label","props":{"y":133,"x":208,"text":"还差6次","name":"desc","fontSize":36,"font":"Microsoft YaHei","color":"#D13210","bold":true},"compId":51}]}]}]},{"type":"Script","props":{"taskList":"@node:53","runtime":"view/TaskView.ts"},"compId":54},{"type":"Script","props":{"content":"@node:38","bg":"@node:37","aniType":"bottomToShow","runtime":"components/ViewShowAni.ts"},"compId":55}],"loadList":["game/img_shield.png","res/img_popUpBg.png","res/img_woodtitle.png","game/img_datatask.png","game/img_x.png","game/img_listBg.png","game/img_barm.png","game/img_done.png","game/img_bankdiamond.png"],"loadList3D":[]}