{"type":"View","props":{"width":1080,"top":0,"right":0,"left":0,"height":1920,"bottom":0},"compId":2,"child":[{"type":"Image","props":{"y":10,"x":10,"top":0,"skin":"game/img_shield.png","right":0,"name":"bg","left":0,"bottom":0,"alpha":0.75,"sizeGrid":"2,2,2,2"},"compId":3},{"type":"Box","props":{"width":100,"name":"center","height":100,"centerY":-50,"centerX":0},"compId":4,"child":[{"type":"Image","props":{"y":-608,"x":-419,"width":958,"skin":"res/img_storeHouseBg.png","height":1505,"sizeGrid":"195,211,151,195"},"compId":5},{"type":"Image","props":{"y":-736,"x":-238.5,"skin":"res/img_woodtitle.png"},"compId":6},{"type":"Image","props":{"y":-660.5,"x":-19.5,"skin":"game/img_storehouse.png"},"compId":7},{"type":"Image","props":{"y":-591.5,"x":465,"skin":"game/img_x.png","name":"close","anchorY":0.5,"anchorX":0.5},"compId":8,"child":[{"type":"Script","props":{"isScale":true,"runtime":"components/Button.ts"},"compId":9},{"type":"Circle","props":{"y":41.5,"x":41,"renderType":"hit","radius":92,"lineWidth":1,"fillColor":"#ff0000"},"compId":10}]},{"type":"List","props":{"y":-521,"x":-419,"width":958,"spaceY":40,"selectedIndex":0,"selectEnable":true,"repeatY":3,"repeatX":1,"height":801},"compId":26,"child":[{"type":"Box","props":{"y":12,"x":0,"width":958,"name":"render","height":237},"compId":13,"child":[{"type":"Image","props":{"y":40,"x":0,"width":958,"skin":"res/img_shelf.png","height":188,"sizeGrid":"0,224,0,234"},"compId":11},{"type":"Box","props":{"y":55,"x":93,"width":175,"rotation":0,"name":"item_0","mouseEnabled":true,"height":173},"compId":16,"child":[{"type":"Image","props":{"y":130,"x":0,"width":145,"skin":"game/img_countTag.png","rotation":0,"height":43},"compId":14},{"type":"Image","props":{"y":56,"x":69,"skin":"game/img_nuts.png","name":"icon","anchorY":0.5,"anchorX":0.5},"compId":15},{"type":"Label","props":{"y":140,"x":71,"text":"茄子:2","name":"name","fontSize":26,"font":"Microsoft YaHei","color":"#5C3F2B","anchorX":0.5},"compId":17}]},{"type":"Box","props":{"y":55,"x":389,"width":175,"rotation":0,"name":"item_1","mouseEnabled":true,"height":173},"compId":18,"child":[{"type":"Image","props":{"y":130,"x":0,"width":145,"skin":"game/img_countTag.png","rotation":0,"height":43},"compId":19},{"type":"Image","props":{"y":56,"x":69,"skin":"game/img_nuts.png","name":"icon","anchorY":0.5,"anchorX":0.5},"compId":20},{"type":"Label","props":{"y":140,"x":71,"text":"茄子:2","name":"name","fontSize":26,"font":"Microsoft YaHei","color":"#5C3F2B","anchorX":0.5},"compId":21}]},{"type":"Box","props":{"y":55,"x":681,"width":175,"rotation":0,"name":"item_2","mouseEnabled":true,"height":173},"compId":22,"child":[{"type":"Image","props":{"y":130,"x":0,"width":145,"skin":"game/img_countTag.png","rotation":0,"height":43},"compId":23},{"type":"Image","props":{"y":56,"x":69,"skin":"game/img_nuts.png","name":"icon","anchorY":0.5,"anchorX":0.5},"compId":24},{"type":"Label","props":{"y":140,"x":71,"text":"茄子:2","name":"name","fontSize":26,"font":"Microsoft YaHei","color":"#5C3F2B","anchorX":0.5},"compId":25}]}]}]},{"type":"Box","props":{"y":326,"x":-331,"width":772,"name":"msg_box","mouseEnabled":true,"height":495},"compId":29,"child":[{"type":"Image","props":{"y":60,"x":108,"skin":"game/img_biscuit.png","name":"icon","anchorY":0.5,"anchorX":0.5},"compId":27},{"type":"Image","props":{"y":225,"x":216,"skin":"game/img_minusBtn.png","name":"reduce","mouseEnabled":true,"anchorY":0.5,"anchorX":0.5},"compId":32,"child":[{"type":"Script","props":{"isScale":true,"runtime":"components/Button.ts"},"compId":33}]},{"type":"Image","props":{"y":225,"x":545,"skin":"game/img_plusBtn.png","name":"add","mouseEnabled":true,"anchorY":0.5,"anchorX":0.5},"compId":34,"child":[{"type":"Script","props":{"isScale":true,"runtime":"components/Button.ts"},"compId":35}]},{"type":"Image","props":{"y":190,"x":267,"width":233,"skin":"game/img_countBg.png","height":85,"sizeGrid":"32,41,34,31"},"compId":36},{"type":"Image","props":{"y":432,"x":575,"skin":"game/img_sellDoubleBtn.png","name":"sellBtnAd","anchorY":0.5,"anchorX":0.5},"compId":40,"child":[{"type":"Script","props":{"isScale":true,"runtime":"components/Button.ts"},"compId":43}]},{"type":"Image","props":{"y":432,"x":187,"skin":"game/img_sellDirecteBtn.png","name":"sellBtn","anchorY":0.5,"anchorX":0.5},"compId":41,"child":[{"type":"Script","props":{"isScale":true,"runtime":"components/Button.ts"},"compId":42}]},{"type":"TextInput","props":{"y":231.5,"x":385,"width":185,"valign":"middle","type":"number","text":"1","name":"num","height":54,"fontSize":40,"font":"Microsoft YaHei","color":"#ffffff","bold":true,"anchorY":0.5,"anchorX":0.5,"align":"center"},"compId":46},{"type":"Label","props":{"y":12,"x":219,"text":"茄子","name":"name","fontSize":48,"font":"Microsoft YaHei","color":"#5C3F2B"},"compId":30},{"type":"Label","props":{"y":80,"x":219,"text":"富含维生素C和膳食纤维","name":"desc","fontSize":40,"font":"Microsoft YaHei","color":"#5C3F2B"},"compId":31},{"type":"HBox","props":{"y":305.5,"x":383,"space":20,"name":"reward_box","anchorX":0.5,"align":"middle"},"compId":51,"child":[{"type":"HBox","props":{"space":20,"name":"item","align":"middle"},"compId":37,"child":[{"type":"Image","props":{"width":55,"skin":"main_scene/img_diamondMin.png","name":"icon","height":55,"anchorY":0.5},"compId":39},{"type":"Label","props":{"y":7,"x":0,"text":"100","name":"price","fontSize":40,"font":"Microsoft YaHei","color":"#906344","bold":true,"anchorY":0.5},"compId":38}]},{"type":"HBox","props":{"space":20,"name":"item","align":"middle"},"compId":48,"child":[{"type":"Image","props":{"width":55,"skin":"main_scene/img_diamondMin.png","name":"icon","height":55,"anchorY":0.5},"compId":49},{"type":"Label","props":{"y":7,"x":0,"text":"100","name":"price","fontSize":40,"font":"Microsoft YaHei","color":"#906344","bold":true,"anchorY":0.5},"compId":50}]}]}]},{"type":"Label","props":{"y":-351,"x":55,"text":"空空如也！","name":"empty_lb","fontSize":50,"font":"Microsoft YaHei","color":"#5A3F2A","anchorX":0.5},"compId":52}]},{"type":"Script","props":{"sellBtn":"@node:41","sellAdBtn":"@node:40","itemSellPriceLb":"@node:38","itemSellPriceIcon":"@node:39","itemSellGold":"@node:37","itemSellDiamond":"@node:48","itemSellCountLb":"@node:46","itemSellBox":"@node:51","itemName":"@node:30","itemList":"@node:26","itemIcon":"@node:27","itemDesc":"@node:31","empty_lb":"@node:52","runtime":"view/WarehouseView.ts"},"compId":44},{"type":"Script","props":{"content":"@node:4","bg":"@node:3","aniType":"scaleShow","runtime":"components/ViewShowAni.ts"},"compId":45}],"loadList":["game/img_shield.png","res/img_storeHouseBg.png","res/img_woodtitle.png","game/img_storehouse.png","game/img_x.png","res/img_shelf.png","game/img_countTag.png","game/img_nuts.png","game/img_biscuit.png","game/img_minusBtn.png","game/img_plusBtn.png","game/img_countBg.png","game/img_sellDoubleBtn.png","game/img_sellDirecteBtn.png","main_scene/img_diamondMin.png"],"loadList3D":[]}