{"type":"View","props":{"width":1080,"top":0,"right":0,"left":0,"height":1920,"bottom":0},"compId":2,"child":[{"type":"Image","props":{"top":0,"skin":"game/img_inviteBg2.png","right":0,"left":0,"bottom":0,"sizeGrid":"41,36,41,28"},"compId":6},{"type":"Image","props":{"top":0,"skin":"game/img_aboutTitleBg.png","right":0,"left":0,"sizeGrid":"0,2,0,2"},"compId":11,"child":[{"type":"Label","props":{"y":85,"x":478,"text":"兑换记录","fontSize":60,"font":"Microsoft YaHei","color":"#5A3F2A","bold":true},"compId":10},{"type":"Image","props":{"y":111,"x":72,"skin":"game/img_backBtn.png","name":"close","anchorY":0.5,"anchorX":0.5},"compId":7,"child":[{"type":"Circle","props":{"y":38,"x":24,"renderType":"hit","radius":50,"lineWidth":1,"fillColor":"#ff0000"},"compId":8},{"type":"Script","props":{"runtime":"view/AboutView.ts"},"compId":9}]}]},{"type":"List","props":{"x":43,"width":1003,"top":260,"spaceY":20,"repeatY":9,"repeatX":1,"bottom":0},"compId":26,"child":[{"type":"Image","props":{"y":0,"x":0,"skin":"game/img_listBg.png","renderType":"render","mouseEnabled":true,"sizeGrid":"0,133,0,138"},"compId":27,"child":[{"type":"HBox","props":{"y":74,"x":822,"width":189.8984375,"space":20,"rotation":0,"name":"reward_box","height":55,"anchorY":0.5,"anchorX":0.5,"align":"none"},"compId":32,"child":[{"type":"Image","props":{"width":55,"skin":"game/img_bankdiamond.png","name":"icon","height":55},"compId":33},{"type":"Label","props":{"y":10,"x":75,"text":"+100","name":"amount","fontSize":44,"font":"Microsoft YaHei","color":"#5A3F2A","bold":true},"compId":34}]},{"type":"Label","props":{"y":51,"x":38,"text":"开心农场红包版钻石兑换","name":"title","fontSize":50,"font":"Microsoft YaHei","color":"#5A3F2A","bold":true},"compId":35},{"type":"Label","props":{"y":131,"x":38,"text":"开心农场红包版钻石兑换","name":"time","fontSize":40,"font":"Microsoft YaHei","color":"#5A3F2A","bold":false},"compId":36},{"type":"HBox","props":{"y":127,"x":844,"width":252,"rotation":0,"name":"state_box","height":42,"anchorX":0.5},"compId":41,"child":[{"type":"Label","props":{"x":-63,"text":"已到账","name":"price","fontSize":42,"font":"Microsoft YaHei","color":"#D23210"},"compId":40},{"type":"Label","props":{"x":63,"text":"已到账","name":"state","fontSize":42,"font":"Microsoft YaHei","color":"#5A3F2A"},"compId":37}]}]}]},{"type":"Script","props":{"list":"@node:26","runtime":"view/WithdrawRecordView.ts"},"compId":38},{"type":"Label","props":{"y":452,"x":554,"width":250,"text":"空空如也！","name":"empty_lb","height":50,"fontSize":50,"font":"Microsoft YaHei","color":"#5A3F2A","anchorX":0.5},"compId":39}],"loadList":["game/img_inviteBg2.png","game/img_aboutTitleBg.png","game/img_backBtn.png","game/img_listBg.png","game/img_bankdiamond.png"],"loadList3D":[]}