{"res/atlas/game.atlas":["game/",["fontClip_bank.png","fontClip_coin.png","fontClip_price.png","img-menunormal.png","img-menuselected.png","img_10min.png","img_aboutTitleBg.png","img_aboutUs.png","img_accomplish.png","img_accomplished.png","img_addBtn.png","img_addEnergytnm.png","img_agree.png","img_apply.png","img_backBtn.png","img_baclbtn.png","img_bankNormal.png","img_bankSelected.png","img_bankbg.png","img_bankdiamond.png","img_barm.png","img_biscuit.png","img_boundary.png","img_buy.png","img_buybtm.png","img_buygoods.png","img_calender.png","img_cancel.png","img_cancelBtn.png","img_cashDone.png","img_chocolate.png","img_coins.png","img_copyBtn.png","img_couldSteal.png","img_countBg.png","img_countTag.png","img_cover.png","img_cropsNormal.png","img_cropsSelected.png","img_currentOrde.png","img_datatask.png","img_defaultPortrait.png","img_deleteBtn.png","img_deleteEmail.png","img_deleteFriendBtn.png","img_dog1.png","img_done.png","img_doubleGet.png","img_email.png","img_energy.png","img_energyBar.png","img_energyBarBg.png","img_energyRecoveryTitle.png","img_energylogo.png","img_expand.png","img_extractActive.png","img_extractPassive.png","img_findThief.png","img_fodderNormal.png","img_fooderSelected.png","img_foodnNormal.png","img_foodnSelected.png","img_friendBtn.png","img_friendTitle.png","img_garding.png","img_get.png","img_getAubergine.png","img_getBack.png","img_getDirect.png","img_goHome.png","img_goToInvite.png","img_goToWork.png","img_guidHand.png","img_halfstar.png","img_hangout.png","img_heart.png","img_helpBtn.png","img_ignore.png","img_invite.png","img_inviteApply.png","img_inviteBg2.png","img_inviteBg3.png","img_inviteFriendTitle.png","img_landUpdage2.png","img_landUpdate.png","img_levelBg.png","img_listBg.png","img_listDiamond.png","img_loadingScroll1.png","img_loadingScroll2.png","img_locked.png","img_lockedOrder.png","img_logo.png","img_magnifier.png","img_menuBgHelNormalBg.png","img_menuBgHelSelectedBg.png","img_minusBtn.png","img_moneyBg1.png","img_more.png","img_music.png","img_musicOffBtn.png","img_musicOnBtn.png","img_nuts.png","img_one.png","img_oneKeyGet.png","img_ongKeyInvite.png","img_orderLevelBg.png","img_petNormal.png","img_petSelected.png","img_petbagNormal.png","img_petbagSelected.png","img_plusBtn.png","img_portraitBg.png","img_presentOrder.png","img_pricenormal.png","img_priceselected.png","img_privacy.png","img_progressBa.png","img_progressBa2.png","img_progressBabg2.png","img_progressBarBg.png","img_progressBg.png","img_protcol.png","img_quit.png","img_readTag.png","img_received.png","img_recommend.png","img_record.png","img_recoverAll.png","img_recoveryOnePoint.png","img_residue.png","img_rest.png","img_reward.png","img_rewardFriend.png","img_rocket.png","img_rulesTitle.png","img_searchBg.png","img_searchFriend.png","img_seedsNoramal2.png","img_seedsNormal.png","img_seedsSelected.png","img_seedsSelected2.png","img_seedsoybean.png","img_sellDirecteBtn.png","img_sellDoubleBtn.png","img_sellgoods.png","img_service.png","img_setting.png","img_shield.png","img_sign.png","img_signRules.png","img_soldOutBtn.png","img_sound.png","img_soundOffBtn.png","img_soundOnBtn.png","img_speedUp.png","img_speedUpBtn.png","img_star.png","img_store.png","img_storehouse.png","img_switchOn.png","img_swithOff.png","img_systemEmailTitle.png","img_tenMin.png","img_three.png","img_tomarow.png","img_transform.png","img_transformFree.png","img_two.png","img_unlock.png","img_unlockFree.png","img_upper Limit.png","img_useBtn.png","img_window.png","img_withdraw.png","img_withdrawbtn.png","img_x.png"]],"res/atlas/load.atlas":["load/",["img_OKBtn.png","img_cadpa12.png","img_cancelBtn.png","img_checkBox1.png","img_checkBox2.png","img_cloud1.png","img_cloud2.png","img_cloud3.png","img_cloud4.png","img_getDiamondBtn.png","img_iosLoading.png","img_loadingScroll1.png","img_loadingScroll2.png","img_prompting.png","img_shield.png","img_slogan.png","img_weChantBtn.png"]],"res/atlas/main_scene.atlas":["main_scene/",["fontClip_addNum.png","fontClip_coinBtnNumber.png","fontClip_getDiamondNumber.png","fontClip_head.png","fontClip_moneyNum.png","img_OKBtn.png","img_billboard.png","img_bowlWithFood.png","img_bowlwithoutFood.png","img_cancelBtn.png","img_clock.png","img_coin.png","img_coinBtn.png","img_coinbg.png","img_daytimeTask.png","img_defaultPortrait.png","img_dialogBg.png","img_dialogBg2.png","img_diamond.png","img_diamondMin.png","img_dig1.png","img_dig2.png","img_dog1.png","img_dogHouse.png","img_dogProgress.png","img_dust.png","img_emailMenu.png","img_extend.png","img_friend.png","img_getDiamondBtn.png","img_greenLand.png","img_harvest.png","img_headBar.png","img_headBarBg.png","img_land.png","img_landUpdate.png","img_landUpdate1.png","img_landUpdate2.png","img_landUpdate3.png","img_landUpdate4.png","img_landUpdate5.png","img_landUpdateBtn2.png","img_level.png","img_level1.png","img_level10.png","img_level2.png","img_level3.png","img_level4.png","img_level5.png","img_level6.png","img_level7.png","img_level8.png","img_level9.png","img_marketBuilding.png","img_menuWoodBg.png","img_money.png","img_notReceived.png","img_ongkeyGet.png","img_ongkeySteel.png","img_order.png","img_popUpBg.png","img_portrait.png","img_portraitBg.png","img_progressBarBg.png","img_prompting.png","img_shadow.png","img_speedUp.png","img_steelVegetable.png","img_storehouseBuilding.png","img_taskBg2.png","img_taskbg.png","img_timerBg.png","img_videoBtn.png","img_wasteland.png","img_yuan.png"]],"res/atlas/pet_feed.atlas":["pet_feed/",["1001_feed.png","1002_feed.png","1003_feed.png","1004_feed.png","1005_feed.png","1006_feed.png","1007_feed.png","1008_feed.png"]],"res/atlas/plant_icon.atlas":["plant_icon/",["1001_growing.png","1001_mature.png","1001_seed.png","1002_growing.png","1002_mature.png","1002_seed.png","1003_growing.png","1003_mature.png","1003_seed.png","1004_growing.png","1004_mature.png","1004_seed.png","1005_growing.png","1005_mature.png","1005_seed.png","1006_growing.png","1006_mature.png","1006_seed.png","1007_growing.png","1007_mature.png","1007_seed.png","1008_growing.png","1008_mature.png","1008_seed.png","1009_growing.png","1009_mature.png","1009_seed.png","1010_growing.png","1010_mature.png","1010_seed.png","1011_growing.png","1011_mature .png","1011_mature.png","1011_seed.png","1012_growing.png","1012_mature.png","1012_seed.png","1013_growing.png","1013_mature.png","1013_seed.png","1014_growing.png","1014_mature.png","1014_seed.png","1015_growing.png","1015_mature.png","1015_seed.png"]],"res/dog_1001.atlas":["dog_1001/",["1001_00.png","1001_01.png","1001_02.png","1001_03.png","1001_04.png","1001_05.png","1001_06.png","1001_07.png","1001_08.png","1001_09.png","1001_10.png","1001_11.png","1001_12.png","1001_13.png","1001_14.png","1001_15.png","1001_16.png","1001_17.png","1001_18.png","1001_19.png"]],"res/dog_1002.atlas":["dog_1002/",["1002_00.png","1002_01.png","1002_02.png","1002_03.png","1002_04.png","1002_05.png","1002_06.png","1002_07.png","1002_08.png","1002_09.png","1002_10.png","1002_11.png","1002_12.png","1002_13.png"]],"res/dog_1003.atlas":["dog_1003/",["1003_00.png","1003_01.png","1003_02.png","1003_03.png","1003_04.png","1003_05.png","1003_06.png","1003_07.png","1003_08.png","1003_09.png","1003_10.png","1003_11.png","1003_12.png","1003_13.png","1003_14.png","1003_15.png","1003_16.png","1003_17.png","1003_18.png","1003_19.png","1003_20.png","1003_21.png","1003_22.png","1003_23.png","1003_24.png","1003_25.png","1003_26.png","1003_27.png"]],"res/dog_1004.atlas":["dog_1004/",["1004_00.png","1004_01.png","1004_02.png","1004_03.png","1004_04.png","1004_05.png","1004_06.png","1004_07.png","1004_08.png","1004_09.png","1004_10.png","1004_11.png","1004_12.png","1004_13.png","1004_14.png","1004_15.png","1004_16.png","1004_17.png","1004_18.png","1004_19.png","1004_20.png","1004_21.png","1004_22.png","1004_23.png","1004_24.png","1004_25.png"]],"res/dog_1005.atlas":["dog_1005/",["1005_00.png","1005_01.png","1005_02.png","1005_03.png","1005_04.png","1005_05.png","1005_06.png","1005_07.png","1005_08.png","1005_09.png","1005_10.png","1005_11.png","1005_12.png","1005_13.png","1005_14.png","1005_15.png","1005_16.png","1005_17.png","1005_18.png","1005_19.png","1005_20.png","1005_21.png","1005_22.png"]],"res/dog_1006.atlas":["dog_1006/",["1006_00.png","1006_01.png","1006_02.png","1006_03.png","1006_04.png","1006_05.png","1006_06.png","1006_07.png","1006_08.png","1006_09.png","1006_10.png","1006_11.png","1006_12.png","1006_13.png","1006_14.png","1006_15.png","1006_16.png","1006_17.png","1006_18.png","1006_19.png","1006_20.png","1006_21.png"]],"res/dog_1007.atlas":["dog_1007/",["1007_00.png","1007_01.png","1007_02.png","1007_03.png","1007_04.png","1007_05.png","1007_06.png","1007_07.png","1007_08.png","1007_09.png","1007_10.png","1007_11.png","1007_12.png","1007_13.png","1007_14.png","1007_15.png","1007_16.png","1007_17.png","1007_18.png","1007_19.png","1007_20.png","1007_21.png","1007_22.png","1007_23.png"]],"res/dog_1008.atlas":["dog_1008/",["1008_00.png","1008_01.png","1008_02.png","1008_03.png","1008_04.png","1008_05.png","1008_06.png","1008_07.png","1008_08.png","1008_09.png","1008_10.png"]],"res/dog_1009.atlas":["dog_1009/",["1009_00.png","1009_01.png","1009_02.png","1009_03.png","1009_04.png","1009_05.png","1009_06.png","1009_07.png","1009_08.png"]],"res/dog_1010.atlas":["dog_1010/",["1010_00.png","1010_01.png","1010_02.png","1010_03.png","1010_04.png","1010_05.png","1010_06.png","1010_07.png","1010_08.png","1010_09.png","1010_10.png","1010_11.png","1010_12.png","1010_13.png","1010_14.png","1010_15.png","1010_16.png","1010_17.png","1010_18.png","1010_19.png","1010_20.png","1010_21.png","1010_22.png","1010_23.png","1010_24.png"]],"res/figure.atlas":["figure/",["a00.png","a01.png","a02.png","a03.png","a04.png","a05.png","a06.png","a07.png","a08.png","a09.png","a10.png","a11.png","a12.png","a13.png"]],"res/figure1.atlas":["figure1/",["b00.png","b01.png","b02.png","b03.png","b04.png","b05.png","b06.png","b07.png","b08.png","b09.png","b10.png","b11.png","b12.png","b13.png","b14.png","b15.png"]],"res/figure2.atlas":["figure2/",["c00.png","c01.png","c02.png","c03.png","c04.png","c05.png","c06.png","c07.png","c08.png","c09.png","c10.png","c11.png","c12.png","c13.png"]],"res/figure3.atlas":["figure3/",["d01.png","d02.png","d03.png","d04.png","d05.png","d06.png","d07.png","d08.png","d09.png","d10.png","d11.png","d12.png","d13.png","d14.png","d15.png"]],"res/figure4.atlas":["figure4/",["e00.png","e01.png","e02.png","e03.png","e04.png","e05.png","e06.png","e07.png","e08.png","e09.png","e10.png","e11.png","e12.png"]],"res/figure5.atlas":["figure5/",["f00.png","f01.png","f02.png","f03.png","f04.png","f05.png","f06.png","f07.png","f08.png","f09.png","f10.png","f11.png","f12.png","f13.png","f14.png","f15.png"]]}