{
  "fileconfig.json": "fileconfig-a77d15099c.json",
  "index.js": "index-3a70f927a8.js",
  "js/bundle.js": "js/bundle-af735f0885.js",
  "js/ps-N3BPHYGU.fs": "js/ps-N3BPHYGU-319562bd17.fs",
  "libs/min/bytebuffer.min.js": "libs/min/bytebuffer-9637a546e0.min.js",
  "libs/min/laya.ani.min.js": "libs/min/laya-a72326a604.ani.min.js",
  "libs/min/laya.core.min.js": "libs/min/laya-4fc7637454.core.min.js",
  "libs/min/laya.html.min.js": "libs/min/laya-453646c875.html.min.js",
  "libs/min/laya.ui.min.js": "libs/min/laya-b4568be5f8.ui.min.js",
  "main_scene/img_homepageBg1.png": "main_scene/img_homepageBg1-b4b21b5cd6.png",
  "main_scene/img_homepageBg2.png": "main_scene/img_homepageBg2-b4f1dccf5a.png",
  "main_scene/img_homepageBg3.png": "main_scene/img_homepageBg3-f271879d22.png",
  "main_scene/img_landBg.png": "main_scene/img_landBg-ee0cfcf3c3.png",
  "res/atlas/game.atlas": "res/atlas/game-2e720cdb9e.atlas",
  "res/atlas/game.png": "res/atlas/game-1ab82b8e61.png",
  "res/atlas/load.atlas": "res/atlas/load-2c6afeacec.atlas",
  "res/atlas/load.png": "res/atlas/load-8bd61aecba.png",
  "res/atlas/main_scene.atlas": "res/atlas/main_scene-37fe3b5f94.atlas",
  "res/atlas/main_scene.png": "res/atlas/main_scene-7b81690ebd.png",
  "res/atlas/pet_feed.atlas": "res/atlas/pet_feed-b26a498ce4.atlas",
  "res/atlas/pet_feed.png": "res/atlas/pet_feed-619c96cda5.png",
  "res/atlas/plant_icon.atlas": "res/atlas/plant_icon-c756d98efb.atlas",
  "res/atlas/plant_icon.png": "res/atlas/plant_icon-714b44a199.png",
  "res/audio/BGM.mp3": "res/audio/BGM-2c57b583bc.mp3",
  "res/audio/button_click.mp3": "res/audio/button_click-be2c8bdc2c.mp3",
  "res/audio/dakaicangku.mp3": "res/audio/dakaicangku-c8bb5b1643.mp3",
  "res/audio/goujiaosheng.mp3": "res/audio/goujiaosheng-d02a5ebc08.mp3",
  "res/audio/shoucai.mp3": "res/audio/shoucai-441f496b70.mp3",
  "res/audio/tudishengji.mp3": "res/audio/tudishengji-441f496b70.mp3",
  "res/audio/zhongzhi.mp3": "res/audio/zhongzhi-441f496b70.mp3",
  "res/dog_1001.atlas": "res/dog_1001-55f693ca72.atlas",
  "res/dog_1001.png": "res/dog_1001-869e008eef.png",
  "res/dog_1002.atlas": "res/dog_1002-52bae2b3db.atlas",
  "res/dog_1002.png": "res/dog_1002-d00a1fcbc1.png",
  "res/dog_1003.atlas": "res/dog_1003-b21a8d8cb4.atlas",
  "res/dog_1003.png": "res/dog_1003-107ca52385.png",
  "res/dog_1004.atlas": "res/dog_1004-95bc6883b4.atlas",
  "res/dog_1004.png": "res/dog_1004-1bb4c65db0.png",
  "res/dog_1005.atlas": "res/dog_1005-513702af05.atlas",
  "res/dog_1005.png": "res/dog_1005-3fc856bade.png",
  "res/dog_1006.atlas": "res/dog_1006-56cfff8b1a.atlas",
  "res/dog_1006.png": "res/dog_1006-e7b356aca1.png",
  "res/dog_1007.atlas": "res/dog_1007-cff84c44da.atlas",
  "res/dog_1007.png": "res/dog_1007-b18c0ab832.png",
  "res/dog_1008.atlas": "res/dog_1008-c98e9e0385.atlas",
  "res/dog_1008.png": "res/dog_1008-23e31ce71e.png",
  "res/dog_1009.atlas": "res/dog_1009-cd63ed7db7.atlas",
  "res/dog_1009.png": "res/dog_1009-a2dd827ec4.png",
  "res/dog_1010.atlas": "res/dog_1010-9258d3e81d.atlas",
  "res/dog_1010.png": "res/dog_1010-6eb5cd505f.png",
  "res/figure.atlas": "res/figure-3487a76490.atlas",
  "res/figure.png": "res/figure-66a93c99e4.png",
  "res/figure1.atlas": "res/figure1-76b3da6368.atlas",
  "res/figure1.png": "res/figure1-1714958e2b.png",
  "res/figure2.atlas": "res/figure2-75cf74dd34.atlas",
  "res/figure2.png": "res/figure2-5ab0d7e834.png",
  "res/figure3.atlas": "res/figure3-5f1aa882d3.atlas",
  "res/figure3.png": "res/figure3-ce3dfd65a1.png",
  "res/figure4.atlas": "res/figure4-05532076c7.atlas",
  "res/figure4.png": "res/figure4-0d50f50f45.png",
  "res/figure5.atlas": "res/figure5-2c4c99d1c5.atlas",
  "res/figure5.png": "res/figure5-aac781cf45.png",
  "res/img_farmlandLogo.png": "res/img_farmlandLogo-0bb8ad5caf.png",
  "res/img_homepageBg1.png": "res/img_homepageBg1-f22da6771f.png",
  "res/img_homepageBg2.png": "res/img_homepageBg2-201c1c06d8.png",
  "res/img_homepageBg3.png": "res/img_homepageBg3-1456acb18f.png",
  "res/img_hongbaoban.png": "res/img_hongbaoban-4aed8ddc43.png",
  "res/img_housetop.png": "res/img_housetop-2886b1eb75.png",
  "res/img_inviteBg1.png": "res/img_inviteBg1-80758c1505.png",
  "res/img_landBg.png": "res/img_landBg-74afd035af.png",
  "res/img_popUpBg.png": "res/img_popUpBg-a52a37e4e6.png",
  "res/img_popUpBgMain.png": "res/img_popUpBgMain-066dbc5e6b.png",
  "res/img_shelf.png": "res/img_shelf-2c0361f696.png",
  "res/img_storeHouseBg.png": "res/img_storeHouseBg-f44a4bdc85.png",
  "res/img_storebg.png": "res/img_storebg-7c92bb44f1.png",
  "res/img_woodtitle.png": "res/img_woodtitle-73dab57f31.png",
  "res/loadingBg.png": "res/loadingBg-4fc9654ac9.png",
  "res/shader/ps.fs": "res/shader/ps-319562bd17.fs",
  "res/shader/vs.vs": "res/shader/vs-615eb362ad.vs",
  "scenes/ani/landUp.ani": "scenes/ani/landUp-71552803d2.ani",
  "scenes/components/Button.json": "scenes/components/Button-90372b8b83.json",
  "scenes/prefab/FieldPrefab.json": "scenes/prefab/FieldPrefab-757eaaacb3.json",
  "scenes/prefab/FloatRewardIcon.json": "scenes/prefab/FloatRewardIcon-c2e3f581a5.json",
  "scenes/prefab/GetReward.json": "scenes/prefab/GetReward-3048e756f2.json",
  "scenes/prefab/MailItem.json": "scenes/prefab/MailItem-6ce9a0f9b7.json",
  "scenes/prefab/PlotPrefab.json": "scenes/prefab/PlotPrefab-db4e8a1783.json",
  "scenes/views/AboutView.json": "scenes/views/AboutView-2d121085ed.json",
  "scenes/views/AddLandView.json": "scenes/views/AddLandView-7e7be3fe1e.json",
  "scenes/views/BuyVitalityView.json": "scenes/views/BuyVitalityView-d6ce89b248.json",
  "scenes/views/FieldLevelUpView.json": "scenes/views/FieldLevelUpView-f807a41be9.json",
  "scenes/views/FriendsDescView.json": "scenes/views/FriendsDescView-cd7dd30616.json",
  "scenes/views/FriendsRewardView.json": "scenes/views/FriendsRewardView-22f7f6749e.json",
  "scenes/views/FriendsView.json": "scenes/views/FriendsView-3e7f4526fb.json",
  "scenes/views/GatherDescView.json": "scenes/views/GatherDescView-2e7cdddfae.json",
  "scenes/views/HintView.json": "scenes/views/HintView-8c6d99a10c.json",
  "scenes/views/LoginView.json": "scenes/views/LoginView-4b3b5fbfd9.json",
  "scenes/views/MailDescView.json": "scenes/views/MailDescView-d3fa224a4c.json",
  "scenes/views/MailView.json": "scenes/views/MailView-8beb5f2aac.json",
  "scenes/views/MainView.json": "scenes/views/MainView-e601927dad.json",
  "scenes/views/OrderView.json": "scenes/views/OrderView-4263e6281d.json",
  "scenes/views/OverView.json": "scenes/views/OverView-1fd4e68b13.json",
  "scenes/views/SettingView.json": "scenes/views/SettingView-0d69c9b5a6.json",
  "scenes/views/ShopView.json": "scenes/views/ShopView-9ffa21b708.json",
  "scenes/views/SignInDescView.json": "scenes/views/SignInDescView-eeba6f7252.json",
  "scenes/views/SignInView.json": "scenes/views/SignInView-74ba044ace.json",
  "scenes/views/SpeedUpView.json": "scenes/views/SpeedUpView-3d7bbe2bbe.json",
  "scenes/views/TaskView.json": "scenes/views/TaskView-848c330910.json",
  "scenes/views/WarehouseView.json": "scenes/views/WarehouseView-fd8ebc8e36.json",
  "scenes/views/WithdrawRecordView.json": "scenes/views/WithdrawRecordView-da13a8c1de.json",
  "unpack.json": "unpack-2e418a710a.json",
  "version.json": "version-531a1d0b07.json"
}